year,month,state,locality,lat,lon,dataSource
2000,2,Victoria,Pyramid Rock North Phillip Island,-38.5288,145.223,Victorian Biodiversity Atlas
2002,4,Victoria,Washing Machine Phillip Island,-38.5588,145.341,Victorian Biodiversity Atlas
2004,11,Victoria,Shortland Bluff Port Phillip Heads,-38.2753,144.655,Victorian Biodiversity Atlas
2001,5,Victoria,East Glennie Is Wilsons Promontory,-39.0839,146.235,Victorian Biodiversity Atlas
2001,1,Victoria,Point Franklin Port Phillip Heads,-38.3173,144.717,Victorian Biodiversity Atlas
2001,3,Victoria,Cape Woolamai East Phillip Island,-38.5651,145.362,Victorian Biodiversity Atlas
2022,1,New South Wales,,-33.800393,151.29649,iNaturalist Australia
2025,11,Victoria,,-38.88798,145.988428,iNaturalist Australia
2025,9,New South Wales,,-31.523755,159.05815,iNaturalist Australia
2025,10,New South Wales,,-34.003411,151.2268,iNaturalist Australia
2018,1,Victoria,,-38.357438,144.772854,iNaturalist Australia
2018,12,Victoria,,-38.160389,145.088622,iNaturalist Australia
2019,2,Victoria,,-37.931678,144.99026,iNaturalist Australia
2020,6,New South Wales,,-34.064107,151.15737,iNaturalist Australia
2013,8,South Australia,,-32.51149,134.211677,iNaturalist Australia
2023,4,Victoria,,-38.365612,144.823134,iNaturalist Australia
2023,3,South Australia,,-35.084771,137.748938,iNaturalist Australia
2023,12,South Australia,,-34.743749,135.89119,iNaturalist Australia
2025,3,South Australia,,-35.509592,138.215139,iNaturalist Australia
2021,11,New South Wales,,-34.071048,151.157997,iNaturalist Australia
2023,2,Western Australia,,-31.851725,115.751066,iNaturalist Australia
2020,8,New South Wales,,-33.800575,151.29692,iNaturalist Australia
2020,3,Western Australia,,-33.859059,114.987109,iNaturalist Australia
2023,3,Western Australia,,-32.052973,115.725366,iNaturalist Australia
2025,12,Victoria,,-38.27557,144.650509,iNaturalist Australia
2025,5,Western Australia,,-32.089267,115.755208,iNaturalist Australia
2026,2,Western Australia,,-32.018195,115.491991,iNaturalist Australia
2026,3,New South Wales,,-36.209635,150.131896,iNaturalist Australia
2021,1,Victoria,,-38.654951,145.577403,iNaturalist Australia
2022,1,South Australia,,-37.484696,140.018813,iNaturalist Australia
2025,10,Victoria,,-38.475817,145.028658,iNaturalist Australia
2017,4,New South Wales,,-33.992116,151.231191,iNaturalist Australia
2021,2,Victoria,,-38.16349,145.089045,iNaturalist Australia
2022,3,Western Australia,,-32.12426,115.759298,iNaturalist Australia
2021,1,Victoria,,-38.254972,145.278525,iNaturalist Australia
2024,6,South Australia,,-35.510379,138.216294,iNaturalist Australia
2022,4,Western Australia,,-32.10134,115.756603,iNaturalist Australia
2024,10,South Australia,,-35.522854,138.185421,iNaturalist Australia
2025,10,Victoria,,-38.352991,144.907481,iNaturalist Australia
2021,9,South Australia,,-34.836921,138.47825,iNaturalist Australia
2022,10,South Australia,,-34.931758,138.496537,iNaturalist Australia
2021,12,New South Wales,,-34.304048,150.937817,iNaturalist Australia
2018,4,New South Wales,,-33.799519,151.296739,iNaturalist Australia
2025,12,South Australia,,-34.718948,135.858647,iNaturalist Australia
2022,4,Western Australia,,-32.12426,115.759298,iNaturalist Australia
2026,2,Victoria,,-38.368787,144.771284,iNaturalist Australia
2022,11,South Australia,,-35.498854,138.245471,iNaturalist Australia
2025,10,Victoria,,-38.548056,145.354249,iNaturalist Australia
2021,7,New South Wales,,-33.839417,151.253091,iNaturalist Australia
2025,5,Western Australia,,-32.00388,115.747812,iNaturalist Australia
2017,11,New South Wales,,-33.800265,151.296846,iNaturalist Australia
1999,1,New South Wales,,-34.069105,151.129764,iNaturalist Australia
2022,1,New South Wales,,-33.800419,151.296089,iNaturalist Australia
2024,10,Western Australia,,-33.852603,121.903062,iNaturalist Australia
1999,4,New South Wales,,-33.839343,151.278541,iNaturalist Australia
2022,12,New South Wales,,-33.839833,151.253648,iNaturalist Australia
2024,2,New South Wales,,-34.597428,150.900209,iNaturalist Australia
1996,1,Victoria,,-38.520426,145.36422,iNaturalist Australia
2025,3,New South Wales,,-35.85971,150.180566,iNaturalist Australia
2020,12,South Australia,,-34.976711,138.420939,iNaturalist Australia
2026,1,Western Australia,,-33.669101,114.994951,iNaturalist Australia
2022,1,Western Australia,,-34.220027,115.027695,iNaturalist Australia
2025,2,New South Wales,,-33.839343,151.278541,iNaturalist Australia
2023,2,New South Wales,,-35.824953,150.226141,iNaturalist Australia
2022,11,Western Australia,,-32.006727,115.748654,iNaturalist Australia
2025,11,Western Australia,,-32.082035,115.750563,iNaturalist Australia
2026,1,New South Wales,,-33.800356,151.29584,iNaturalist Australia
2019,2,New South Wales,,-33.916208,151.263801,iNaturalist Australia
2020,7,South Australia,,-35.045708,138.508911,iNaturalist Australia
2026,4,New South Wales,,-35.222192,150.53627,iNaturalist Australia
2020,7,New South Wales,,-33.839384,151.253768,iNaturalist Australia
2020,2,South Australia,,-35.147518,138.46597,iNaturalist Australia
2023,10,New South Wales,,-33.851133,151.277313,iNaturalist Australia
2022,4,South Australia,,-35.520991,138.185707,iNaturalist Australia
2019,3,South Australia,,-35.074976,138.49461,iNaturalist Australia
2021,2,Western Australia,,-32.052973,115.725366,iNaturalist Australia
2023,1,Victoria,,-38.174232,144.737945,iNaturalist Australia
2025,11,New South Wales,,-35.857774,150.182768,iNaturalist Australia
2025,8,New South Wales,,-34.008413,151.206667,iNaturalist Australia
2013,10,New South Wales,,-36.725265,149.988533,iNaturalist Australia
2025,12,New South Wales,,-33.446502,151.448831,iNaturalist Australia
2024,10,Victoria,,-38.526905,145.342803,iNaturalist Australia
2024,1,Tasmania,,-40.82578,147.670315,iNaturalist Australia
2019,12,South Australia,,-35.519543,138.185671,iNaturalist Australia
2025,11,South Australia,,-34.073742,137.542022,iNaturalist Australia
2026,1,South Australia,,-34.075336,137.545136,iNaturalist Australia
2022,5,New South Wales,,-33.849922,151.213989,iNaturalist Australia
2021,4,New South Wales,,-33.914457,151.267948,iNaturalist Australia
2025,12,New South Wales,,-34.597309,150.899983,iNaturalist Australia
2021,2,Victoria,,-38.145977,145.114197,iNaturalist Australia
2022,1,Western Australia,,-31.850502,115.748979,iNaturalist Australia
2025,10,South Australia,,-35.160515,138.469668,iNaturalist Australia
2025,5,Victoria,,-38.172478,144.729019,iNaturalist Australia
2020,11,Victoria,,-38.335404,144.745676,iNaturalist Australia
2025,8,Western Australia,,-32.053683,115.741974,iNaturalist Australia
2011,12,New South Wales,,-36.898781,149.927091,iNaturalist Australia
2022,8,South Australia,,-35.148992,138.467878,iNaturalist Australia
2021,10,New South Wales,,-33.800623,151.297249,iNaturalist Australia
2025,3,Victoria,,-38.47568,145.027976,iNaturalist Australia
2024,2,South Australia,,-35.149188,138.46463,iNaturalist Australia
2022,1,Western Australia,,-32.052973,115.725366,iNaturalist Australia
2016,1,New South Wales,,-36.895192,149.91397,iNaturalist Australia
2020,2,Victoria,,-38.365551,144.822784,iNaturalist Australia
2024,9,Western Australia,,-33.636547,115.340478,iNaturalist Australia
2020,9,New South Wales,,-33.800567,151.297202,iNaturalist Australia
2025,5,New South Wales,,-33.855267,151.20317,iNaturalist Australia
2018,1,Victoria,,-38.36606,144.822464,iNaturalist Australia
2024,10,New South Wales,,-34.597792,150.901056,iNaturalist Australia
2023,1,South Australia,,-35.444553,138.307176,iNaturalist Australia
2025,5,New South Wales,,-33.992116,151.231191,iNaturalist Australia
2025,3,South Australia,,-35.655403,137.64537,iNaturalist Australia
2022,5,New South Wales,,-33.800401,151.297008,iNaturalist Australia
2020,12,South Australia,,-35.045053,138.506997,iNaturalist Australia
2008,3,South Australia,,-35.084901,137.748799,iNaturalist Australia
2019,12,Victoria,,-37.931251,144.990528,iNaturalist Australia
2025,11,New South Wales,,-33.800518,151.297138,iNaturalist Australia
2023,10,South Australia,,-35.039633,138.511467,iNaturalist Australia
2021,9,Victoria,,-38.350072,144.907228,iNaturalist Australia
2026,5,Western Australia,,-32.00388,115.747812,iNaturalist Australia
2022,2,South Australia,,-35.147828,138.465543,iNaturalist Australia
2020,4,New South Wales,,-32.717311,152.141412,iNaturalist Australia
2025,10,New South Wales,,-33.839591,151.254102,iNaturalist Australia
2020,11,Victoria,,-38.356902,144.773356,iNaturalist Australia
2019,11,Western Australia,,-31.825744,115.733314,iNaturalist Australia
2025,9,Victoria,,-38.840142,146.001053,iNaturalist Australia
2026,4,New South Wales,,-35.857654,150.18294,iNaturalist Australia
2020,4,New South Wales,,-33.799784,151.278779,iNaturalist Australia
2022,3,South Australia,,-35.148796,138.466038,iNaturalist Australia
2025,11,New South Wales,,-35.858673,150.180942,iNaturalist Australia
2020,10,New South Wales,,-33.839582,151.252212,iNaturalist Australia
2022,12,South Australia,,-35.148284,138.464855,iNaturalist Australia
2025,11,Victoria,,-38.35704,144.772902,iNaturalist Australia
2025,1,New South Wales,,-33.800562,151.296673,iNaturalist Australia
2024,10,Western Australia,,-32.10134,115.756603,iNaturalist Australia
2023,5,South Australia,,-35.499239,138.245462,iNaturalist Australia
2021,5,Western Australia,,-32.05734,115.737759,iNaturalist Australia
2020,6,Victoria,,-38.254579,145.282344,iNaturalist Australia
2021,2,New South Wales,,-33.844658,151.2182,iNaturalist Australia
2025,5,New South Wales,,-33.800687,151.296996,iNaturalist Australia
2025,3,Victoria,,-38.26975,144.663162,iNaturalist Australia
2025,10,Victoria,,-38.28516,144.631711,iNaturalist Australia
2021,2,New South Wales,,-33.839889,151.252999,iNaturalist Australia
2022,10,Western Australia,,-32.123973,115.758428,iNaturalist Australia
2018,2,South Australia,,-35.042196,138.509151,iNaturalist Australia
2025,5,New South Wales,,-33.839887,151.256475,iNaturalist Australia
2025,2,Victoria,,-38.365733,144.823021,iNaturalist Australia
2024,4,Victoria,,-38.190716,144.713554,iNaturalist Australia
2026,3,Tasmania,,-42.88871,147.338733,iNaturalist Australia
2018,9,New South Wales,,-33.916208,151.263801,iNaturalist Australia
2021,1,Victoria,,-37.931754,144.990527,iNaturalist Australia
2024,4,South Australia,,-34.621672,135.472078,iNaturalist Australia
2020,4,South Australia,,-35.297967,138.437892,iNaturalist Australia
2025,4,New South Wales,,-33.799684,151.29683,iNaturalist Australia
2025,11,New South Wales,,-33.799949,151.296211,iNaturalist Australia
2020,10,South Australia,,-34.998482,138.510246,iNaturalist Australia
2021,6,New South Wales,,-34.0033,151.226292,iNaturalist Australia
2024,12,South Australia,,-35.039879,138.513777,iNaturalist Australia
2020,8,New South Wales,,-33.980412,151.253029,iNaturalist Australia
2020,10,New South Wales,,-32.788812,152.115228,iNaturalist Australia
2022,3,Victoria,,-37.930062,144.990142,iNaturalist Australia
2020,1,Victoria,,-38.357261,144.772694,iNaturalist Australia
2025,11,Victoria,,-38.63515,145.712172,iNaturalist Australia
2020,1,South Australia,,-35.148746,138.464179,iNaturalist Australia
2019,5,New South Wales,,-34.063941,151.157877,iNaturalist Australia
2021,3,Tasmania,,-43.580335,146.89579,iNaturalist Australia
2007,2,South Australia,,-35.150643,138.464966,iNaturalist Australia
2023,10,South Australia,,-35.017522,138.512283,iNaturalist Australia
2023,10,South Australia,,-35.469563,138.290275,iNaturalist Australia
2023,12,Western Australia,,-31.851725,115.751066,iNaturalist Australia
2019,2,South Australia,,-35.121282,138.465816,iNaturalist Australia
2023,7,Victoria,,-38.335558,144.745792,iNaturalist Australia
2019,6,New South Wales,,-35.069825,150.69197,iNaturalist Australia
2025,2,New South Wales,,-34.002927,151.227908,iNaturalist Australia
2024,9,New South Wales,,-33.800429,151.296395,iNaturalist Australia
2021,1,Western Australia,,-32.057997,115.738011,iNaturalist Australia
2021,10,Western Australia,,-32.098746,115.755863,iNaturalist Australia
2020,4,New South Wales,,-33.800455,151.297213,iNaturalist Australia
2020,1,New South Wales,,-34.064084,151.155363,iNaturalist Australia
2020,12,South Australia,,-35.08476,137.749808,iNaturalist Australia
2024,5,Tasmania,,-40.995515,147.087767,iNaturalist Australia
2024,9,New South Wales,,-33.849226,151.27625,iNaturalist Australia
2021,1,Victoria,,-38.318316,144.713386,iNaturalist Australia
2022,12,South Australia,,-35.509933,138.213871,iNaturalist Australia
2023,3,New South Wales,,-33.80014,151.295537,iNaturalist Australia
2023,12,Victoria,,-38.357025,144.773134,iNaturalist Australia
2021,8,New South Wales,,-33.839817,151.253608,iNaturalist Australia
2019,11,South Australia,,-34.836921,138.47825,iNaturalist Australia
2025,3,New South Wales,,-33.83979,151.25358,iNaturalist Australia
2021,2,South Australia,,-34.849561,138.473059,iNaturalist Australia
2020,11,South Australia,,-35.521367,138.185333,iNaturalist Australia
2019,2,Victoria,,-37.911693,144.982861,iNaturalist Australia
2024,7,Victoria,,-38.402522,145.098481,iNaturalist Australia
2022,8,South Australia,,-35.081733,137.748108,iNaturalist Australia
2021,11,South Australia,,-34.987939,138.508221,iNaturalist Australia
2025,11,Victoria,,-38.267353,144.6678,iNaturalist Australia
2020,12,Western Australia,,-33.65603,115.013664,iNaturalist Australia
2020,2,Victoria,,-38.254722,145.278333,iNaturalist Australia
2025,11,New South Wales,,-33.91578,151.264039,iNaturalist Australia
2025,8,New South Wales,,-33.800244,151.294647,iNaturalist Australia
2020,5,New South Wales,,-33.800301,151.295729,iNaturalist Australia
2008,3,South Australia,,-35.149003,138.466069,iNaturalist Australia
2020,7,Western Australia,,-32.028184,115.77125,iNaturalist Australia
2025,11,New South Wales,,-33.799474,151.294407,iNaturalist Australia
2012,1,New South Wales,,-33.460906,151.450611,iNaturalist Australia
2016,8,New South Wales,,-35.068857,150.68079,iNaturalist Australia
2025,2,New South Wales,,-33.839759,151.253742,iNaturalist Australia
2021,4,Western Australia,,-32.209327,115.766464,iNaturalist Australia
2023,3,South Australia,,-35.149702,138.464487,iNaturalist Australia
2025,10,Victoria,,-38.390564,144.251857,iNaturalist Australia
2025,5,Victoria,,-38.375443,145.221971,iNaturalist Australia
2019,1,New South Wales,,-33.838769,151.252785,iNaturalist Australia
2022,1,New South Wales,,-33.799242,151.281142,iNaturalist Australia
2022,7,South Australia,,-34.978458,138.509613,iNaturalist Australia
2022,12,Western Australia,,-32.050681,115.725216,iNaturalist Australia
2020,2,Victoria,,-38.365538,144.823058,iNaturalist Australia
2025,1,New South Wales,,-33.799741,151.29467,iNaturalist Australia
2016,10,Tasmania,,-40.981075,145.734284,iNaturalist Australia
2024,2,Victoria,,-38.212028,145.034242,iNaturalist Australia
2023,2,Victoria,,-38.368634,144.821346,iNaturalist Australia
2022,3,Western Australia,,-32.137878,115.744005,iNaturalist Australia
2025,4,New South Wales,,-33.799729,151.296819,iNaturalist Australia
2022,5,New South Wales,,-33.99183,151.229972,iNaturalist Australia
2019,1,Victoria,,-38.475452,145.080947,iNaturalist Australia
2021,12,South Australia,,-35.044826,138.5059,iNaturalist Australia
2025,9,Victoria,,-38.274078,144.658325,iNaturalist Australia
2024,12,South Australia,,-35.039979,138.513907,iNaturalist Australia
2022,6,Western Australia,,-32.012306,115.78344,iNaturalist Australia
2022,3,South Australia,,-35.14837,138.465679,iNaturalist Australia
2025,6,New South Wales,,-33.925686,151.25939,iNaturalist Australia
2023,7,New South Wales,,-34.002949,151.228117,iNaturalist Australia
2021,8,Tasmania,,-41.107796,146.068364,iNaturalist Australia
2009,2,South Australia,,-35.443586,138.306478,iNaturalist Australia
2025,5,South Australia,,-35.01175,138.512742,iNaturalist Australia
2023,1,Tasmania,,-42.921489,147.512762,iNaturalist Australia
2023,1,Victoria,,-38.304029,144.99166,iNaturalist Australia
2025,11,New South Wales,,-33.839772,151.253505,iNaturalist Australia
2022,2,Victoria,,-38.356806,144.773306,iNaturalist Australia
2023,1,New South Wales,,-33.799734,151.281109,iNaturalist Australia
2022,4,Victoria,,-37.931331,144.9907,iNaturalist Australia
2020,12,New South Wales,,-33.446278,151.449091,iNaturalist Australia
2019,6,Western Australia,,-32.272263,115.688331,iNaturalist Australia
2020,1,Victoria,,-38.357733,144.77298,iNaturalist Australia
2023,6,Victoria,,-38.335975,144.746456,iNaturalist Australia
2025,1,New South Wales,,-33.799741,151.29467,iNaturalist Australia
2020,1,Victoria,,-38.367563,144.82287,iNaturalist Australia
2025,10,Victoria,,-38.287086,144.597956,iNaturalist Australia
2024,11,Tasmania,,-41.873856,148.303292,iNaturalist Australia
2019,3,South Australia,,-35.075349,138.494983,iNaturalist Australia
2021,3,Western Australia,,-32.040294,115.734709,iNaturalist Australia
2022,11,New South Wales,,-33.851526,151.277512,iNaturalist Australia
2022,1,South Australia,,-35.039508,138.512038,iNaturalist Australia
2019,4,New South Wales,,-34.597271,150.899834,iNaturalist Australia
2025,11,New South Wales,,-33.799807,151.294403,iNaturalist Australia
2022,11,South Australia,,-35.039272,138.511183,iNaturalist Australia
2022,3,South Australia,,-35.148237,138.465543,iNaturalist Australia
2023,1,Victoria,,-38.170425,144.719356,iNaturalist Australia
2025,12,South Australia,,-34.718948,135.858647,iNaturalist Australia
2025,6,New South Wales,,-33.787308,151.288008,iNaturalist Australia
2025,10,Victoria,,-38.3078,144.37557,iNaturalist Australia
2020,10,New South Wales,,-33.800532,151.29366,iNaturalist Australia
2023,5,Victoria,,-38.368557,144.821378,iNaturalist Australia
2024,1,Victoria,,-38.428144,145.063335,iNaturalist Australia
2025,11,South Australia,,-35.115543,137.550199,iNaturalist Australia
2025,5,South Australia,,-37.505889,140.083988,iNaturalist Australia
2023,12,South Australia,,-35.519654,138.185103,iNaturalist Australia
2008,12,Tasmania,,-43.009072,147.940349,iNaturalist Australia
2024,11,Tasmania,,-41.072542,146.711569,iNaturalist Australia
2022,5,Western Australia,,-34.992882,117.943604,iNaturalist Australia
2025,6,New South Wales,,-33.992497,151.229507,iNaturalist Australia
2023,4,New South Wales,,-33.925686,151.25939,iNaturalist Australia
2024,10,New South Wales,,-33.849226,151.27625,iNaturalist Australia
2020,1,New South Wales,,-34.064087,151.156088,iNaturalist Australia
2022,4,New South Wales,,-33.799924,151.297092,iNaturalist Australia
2019,1,Australian Capital Territory,,-35.138644,150.72286,iNaturalist Australia
2021,8,New South Wales,,-33.799151,151.281986,iNaturalist Australia
2021,12,South Australia,,-35.52263,138.185195,iNaturalist Australia
2023,5,New South Wales,,-33.800162,151.296217,iNaturalist Australia
2007,4,South Australia,,-35.557266,137.527352,iNaturalist Australia
2008,2,New South Wales,,-33.800618,151.293754,iNaturalist Australia
2021,8,South Australia,,-35.195772,138.469546,iNaturalist Australia
2023,11,Victoria,,-38.357254,144.773264,iNaturalist Australia
2024,4,South Australia,,-34.621662,135.47203,iNaturalist Australia
2020,12,South Australia,,-34.976711,138.420939,iNaturalist Australia
2021,4,Australian Capital Territory,,-35.125699,150.751525,iNaturalist Australia
2018,8,New South Wales,,-34.064137,151.155684,iNaturalist Australia
2018,2,South Australia,,-35.04454,138.50825,iNaturalist Australia
2025,12,New South Wales,,-33.871434,151.235058,iNaturalist Australia
2022,11,Victoria,,-38.356637,144.773555,iNaturalist Australia
2007,3,South Australia,,-35.424942,138.319621,iNaturalist Australia
2025,10,New South Wales,,-34.002869,151.226072,iNaturalist Australia
2020,2,Victoria,,-38.367222,144.822784,iNaturalist Australia
2019,2,Victoria,,-37.935231,144.994168,iNaturalist Australia
2026,1,New South Wales,,-35.781637,150.232697,iNaturalist Australia
2025,6,New South Wales,,-34.003483,151.227463,iNaturalist Australia
2020,3,Victoria,,-38.255128,145.278694,iNaturalist Australia
2012,12,New South Wales,,-33.991071,151.230797,iNaturalist Australia
2026,1,New South Wales,,-33.447063,151.450061,iNaturalist Australia
2021,8,New South Wales,,-33.839428,151.254225,iNaturalist Australia
2025,3,South Australia,,-34.729575,135.886322,iNaturalist Australia
2021,3,New South Wales,,-33.80027,151.275115,iNaturalist Australia
2025,6,New South Wales,,-33.800095,151.296294,iNaturalist Australia
2008,4,New South Wales,,-33.800618,151.293754,iNaturalist Australia
2016,5,Australian Capital Territory,,-35.117723,150.764489,iNaturalist Australia
2024,12,New South Wales,,-33.992233,151.229304,iNaturalist Australia
2024,2,South Australia,,-35.125867,138.458339,iNaturalist Australia
2019,11,South Australia,,-35.148456,138.465119,iNaturalist Australia
2008,3,South Australia,,-35.148713,138.464091,iNaturalist Australia
2022,3,South Australia,,-33.93398,137.6062,iNaturalist Australia
2023,6,Victoria,,-38.357357,144.772415,iNaturalist Australia
2019,3,Western Australia,,-32.021582,115.521039,iNaturalist Australia
2026,2,New South Wales,,-35.345915,150.479126,iNaturalist Australia
2021,2,New South Wales,,-33.799807,151.281031,iNaturalist Australia
2025,5,Victoria,,-37.98957,145.025507,iNaturalist Australia
2024,3,Western Australia,,-32.011108,115.498749,iNaturalist Australia
2021,1,New South Wales,,-33.530688,151.373866,iNaturalist Australia
2025,2,Victoria,,-38.342791,144.319112,iNaturalist Australia
2015,10,Western Australia,,-32.105666,115.76152,iNaturalist Australia
2024,1,South Australia,,-35.084774,137.749552,iNaturalist Australia
2021,4,South Australia,,-34.991877,138.508007,iNaturalist Australia
2024,12,New South Wales,,-35.32197,150.48323,iNaturalist Australia
2025,3,New South Wales,,-34.002467,151.226262,iNaturalist Australia
2024,2,South Australia,,-35.522854,138.185421,iNaturalist Australia
2020,10,Western Australia,,-35.091865,117.949729,iNaturalist Australia
2023,4,South Australia,,-35.34225,138.443353,iNaturalist Australia
2020,3,Western Australia,,-33.859059,114.987109,iNaturalist Australia
2021,8,Victoria,,-37.9658,144.70755,iNaturalist Australia
2019,4,South Australia,,-34.886981,138.489362,iNaturalist Australia
2020,7,New South Wales,,-33.840071,151.25408,iNaturalist Australia
2025,2,New South Wales,,-33.915673,151.263446,iNaturalist Australia
2024,10,New South Wales,,-33.850163,151.276573,iNaturalist Australia
2019,4,Western Australia,,-32.053333,115.726112,iNaturalist Australia
2024,3,New South Wales,,-33.797471,151.296477,iNaturalist Australia
2022,11,Victoria,,-38.366229,144.822958,iNaturalist Australia
2023,2,New South Wales,,-34.59596,150.901839,iNaturalist Australia
2024,4,Victoria,,-38.191442,144.713361,iNaturalist Australia
2017,8,New South Wales,,-33.800626,151.297311,iNaturalist Australia
2022,11,New South Wales,,-33.915508,151.26385,iNaturalist Australia
2024,2,New South Wales,,-33.799328,151.294691,iNaturalist Australia
2025,1,South Australia,,-35.11834,138.46816,iNaturalist Australia
2021,8,New South Wales,,-33.799057,151.282034,iNaturalist Australia
2023,4,Victoria,,-38.35729,144.772201,iNaturalist Australia
2020,10,Western Australia,,-33.638971,115.341232,iNaturalist Australia
2026,2,Western Australia,,-32.024961,115.523882,iNaturalist Australia
2024,11,South Australia,,-35.522854,138.185421,iNaturalist Australia
2025,12,Victoria,,-37.885622,147.877908,iNaturalist Australia
2021,2,Western Australia,,-32.05178,115.725942,iNaturalist Australia
2025,1,Western Australia,,-32.52068,115.710517,iNaturalist Australia
2022,10,Tasmania,,-41.017192,145.788528,iNaturalist Australia
2019,3,Victoria,,-37.932158,144.99011,iNaturalist Australia
2022,1,South Australia,,-35.251734,136.970415,iNaturalist Australia
2025,10,New South Wales,,-33.799977,151.296499,iNaturalist Australia
2020,10,South Australia,,-35.038735,138.514171,iNaturalist Australia
2025,12,Victoria,,-38.505785,145.258986,iNaturalist Australia
2022,1,Western Australia,,-32.040036,115.734487,iNaturalist Australia
2022,1,New South Wales,,-33.800249,151.293976,iNaturalist Australia
2022,3,Western Australia,,-32.051989,115.725662,iNaturalist Australia
2022,11,South Australia,,-35.339199,138.444577,iNaturalist Australia
2018,6,Victoria,,-38.356975,144.772383,iNaturalist Australia
2022,7,Western Australia,,-32.076273,115.751364,iNaturalist Australia
2026,2,Western Australia,,-32.109866,115.762121,iNaturalist Australia
2025,3,New South Wales,,-35.85825,150.182522,iNaturalist Australia
2020,3,New South Wales,,-33.992135,151.22987,iNaturalist Australia
2025,4,Western Australia,,-32.137071,115.744474,iNaturalist Australia
2021,8,New South Wales,,-33.800608,151.297356,iNaturalist Australia
2023,4,Victoria,,-38.365612,144.823134,iNaturalist Australia
2023,6,Victoria,,-38.335975,144.746456,iNaturalist Australia
2019,9,New South Wales,,-32.85045,151.933459,iNaturalist Australia
2023,3,South Australia,,-35.08476,137.749808,iNaturalist Australia
2018,11,New South Wales,,-33.800119,151.295053,iNaturalist Australia
2021,3,South Australia,,-35.044784,138.507094,iNaturalist Australia
2021,11,South Australia,,-35.52263,138.185195,iNaturalist Australia
2021,10,New South Wales,,-34.071751,151.147166,iNaturalist Australia
2025,1,South Australia,,-35.045367,138.506724,iNaturalist Australia
2025,2,Victoria,,-38.356604,144.773671,iNaturalist Australia
2022,4,Victoria,,-38.356554,144.773596,iNaturalist Australia
2021,8,South Australia,,-35.039872,138.514008,iNaturalist Australia
2024,2,New South Wales,,-33.79998,151.297064,iNaturalist Australia
2019,4,New South Wales,,-32.716083,152.141541,iNaturalist Australia
2018,12,New South Wales,,-34.069583,151.140764,iNaturalist Australia
2025,12,Tasmania,,-43.141922,147.96733,iNaturalist Australia
2021,3,South Australia,,-34.991367,138.506666,iNaturalist Australia
2025,1,Victoria,,-38.272541,144.519882,iNaturalist Australia
2026,4,Tasmania,,-43.00722,147.326173,iNaturalist Australia
2025,9,Tasmania,,-43.058864,147.330898,iNaturalist Australia
2018,1,New South Wales,,-36.855244,149.944539,iNaturalist Australia
2007,9,Tasmania,,-41.072677,145.980394,iNaturalist Australia
2026,2,New South Wales,,-35.04068,150.674072,iNaturalist Australia
2023,2,South Australia,,-35.510077,138.215609,iNaturalist Australia
2022,4,Victoria,,-38.357718,144.772476,iNaturalist Australia
2021,8,New South Wales,,-33.799437,151.282237,iNaturalist Australia
2021,1,Victoria,,-37.932871,144.991472,iNaturalist Australia
2023,2,South Australia,,-35.039189,138.512558,iNaturalist Australia
2022,4,South Australia,,-35.605678,138.094675,iNaturalist Australia
2021,9,New South Wales,,-33.839996,151.253994,iNaturalist Australia
2021,3,South Australia,,-35.044784,138.507094,iNaturalist Australia
2025,11,Victoria,,-38.269987,144.662995,iNaturalist Australia
2022,7,Victoria,,-38.146049,145.114326,iNaturalist Australia
2022,4,Victoria,,-38.357718,144.772476,iNaturalist Australia
2025,3,New South Wales,,-34.002538,151.226925,iNaturalist Australia
2023,4,Victoria,,-38.365612,144.823134,iNaturalist Australia
2024,12,Tasmania,,-43.066836,147.350595,iNaturalist Australia
2022,2,Victoria,,-38.356554,144.773596,iNaturalist Australia
2025,5,New South Wales,,-33.800505,151.296554,iNaturalist Australia
2021,8,Victoria,,-38.358792,144.772681,iNaturalist Australia
2025,11,New South Wales,,-35.858673,150.180942,iNaturalist Australia
2026,3,New South Wales,,-33.800112,151.297222,iNaturalist Australia
2024,8,South Australia,,-34.91477,138.49147,iNaturalist Australia
2024,6,New South Wales,,-33.839818,151.25432,iNaturalist Australia
2023,2,New South Wales,,-33.916341,151.262874,iNaturalist Australia
2022,4,Western Australia,,-32.057184,115.736589,iNaturalist Australia
2020,9,New South Wales,,-33.839896,151.25301,iNaturalist Australia
2021,1,South Australia,,-35.339623,138.44416,iNaturalist Australia
2025,12,South Australia,,-35.084802,137.749634,iNaturalist Australia
2019,5,Australian Capital Territory,,-35.124188,150.756264,iNaturalist Australia
2023,3,Tasmania,,-42.978943,147.395561,iNaturalist Australia
2025,4,New South Wales,,-33.799527,151.293683,iNaturalist Australia
2025,11,New South Wales,,-33.800148,151.296902,iNaturalist Australia
2019,2,South Australia,,-35.510287,138.216231,iNaturalist Australia
2023,8,New South Wales,,-33.839591,151.254102,iNaturalist Australia
2024,10,South Australia,,-35.14819,138.46498,iNaturalist Australia
2020,4,New South Wales,,-33.916387,151.263953,iNaturalist Australia
2023,1,South Australia,,-35.510741,138.216435,iNaturalist Australia
2025,9,Victoria,,-38.266012,144.672913,iNaturalist Australia
2024,9,New South Wales,,-33.85002,151.276514,iNaturalist Australia
2026,1,South Australia,,-34.075399,137.544568,iNaturalist Australia
2023,8,New South Wales,,-33.937235,151.259703,iNaturalist Australia
2018,2,South Australia,,-35.116788,138.469378,iNaturalist Australia
2026,1,Victoria,,-38.270583,144.662812,iNaturalist Australia
2024,4,New South Wales,,-28.193454,153.578757,iNaturalist Australia
2025,4,Victoria,,-38.366739,144.822941,iNaturalist Australia
2022,8,Western Australia,,-31.851725,115.751066,iNaturalist Australia
2025,11,New South Wales,,-33.800675,151.297248,iNaturalist Australia
2021,7,New South Wales,,-33.799557,151.295546,iNaturalist Australia
2023,12,Western Australia,,-32.050057,115.723824,iNaturalist Australia
2021,2,Victoria,,-38.170551,144.718863,iNaturalist Australia
2023,3,New South Wales,,-33.910417,151.270538,iNaturalist Australia
2021,3,Victoria,,-38.358943,144.772963,iNaturalist Australia
2024,12,New South Wales,,-33.80063,151.297225,iNaturalist Australia
2022,3,South Australia,,-35.148615,138.466329,iNaturalist Australia
2022,4,Victoria,,-38.356554,144.773596,iNaturalist Australia
2026,3,Victoria,,-38.27807,144.617905,iNaturalist Australia
2018,12,Victoria,,-38.16158,145.089376,iNaturalist Australia
2021,3,Victoria,,-38.356677,144.773496,iNaturalist Australia
2022,4,Western Australia,,-32.12426,115.759298,iNaturalist Australia
2022,2,Victoria,,-38.356554,144.773596,iNaturalist Australia
2019,11,South Australia,,-35.139211,138.463181,iNaturalist Australia
2025,12,Victoria,,-38.274117,144.65073,iNaturalist Australia
2025,5,New South Wales,,-33.839708,151.252437,iNaturalist Australia
2022,5,Victoria,,-38.356554,144.773596,iNaturalist Australia
2023,11,Victoria,,-38.357254,144.773264,iNaturalist Australia
2021,12,South Australia,,-35.571396,138.607665,iNaturalist Australia
2022,5,New South Wales,,-33.800161,151.297452,iNaturalist Australia
2020,8,Western Australia,,-32.01251,115.776172,iNaturalist Australia
2022,3,Western Australia,,-32.051989,115.725662,iNaturalist Australia
2021,11,Western Australia,,-33.629947,115.338562,iNaturalist Australia
2025,2,New South Wales,,-35.857914,150.18254,iNaturalist Australia
2020,10,Western Australia,,-33.633425,115.339614,iNaturalist Australia
2025,6,Victoria,,-38.368279,144.821367,iNaturalist Australia
2019,10,South Australia,,-34.636808,137.506783,iNaturalist Australia
2022,7,South Australia,,-35.043238,138.50809,iNaturalist Australia
2019,8,New South Wales,,-34.99855,150.731308,iNaturalist Australia
2021,3,South Australia,,-35.51082,138.217315,iNaturalist Australia
2022,2,Victoria,,-38.356554,144.773596,iNaturalist Australia
2025,10,Victoria,,-38.402752,145.096735,iNaturalist Australia
2023,8,Victoria,,-38.356954,144.773434,iNaturalist Australia
2019,12,South Australia,,-35.041747,138.508379,iNaturalist Australia
2021,1,Victoria,,-37.931563,144.989547,iNaturalist Australia
2025,10,Victoria,,-38.358109,144.890413,iNaturalist Australia
2025,12,South Australia,,-34.718738,135.858698,iNaturalist Australia
2025,9,Victoria,,-38.399453,145.189208,iNaturalist Australia
2020,11,Victoria,,-38.170249,144.720838,iNaturalist Australia
2025,2,South Australia,,-35.509906,138.215516,iNaturalist Australia
2021,8,New South Wales,,-33.800291,151.284905,iNaturalist Australia
2021,1,Victoria,,-37.931847,144.990856,iNaturalist Australia
2026,2,New South Wales,,-34.593726,150.8854,iNaturalist Australia
2021,11,Tasmania,,-40.869198,147.768412,iNaturalist Australia
2023,9,South Australia,,-35.021902,137.76373,iNaturalist Australia
2021,2,Victoria,,-38.365643,144.823427,iNaturalist Australia
2022,7,South Australia,,-34.977694,138.508626,iNaturalist Australia
2019,6,Western Australia,,-32.070756,115.748592,iNaturalist Australia
2025,5,South Australia,,-34.07495,137.542114,iNaturalist Australia
2022,4,South Australia,,-35.28558,138.44281,iNaturalist Australia
2021,5,New South Wales,,-34.002797,151.227019,iNaturalist Australia
2023,5,New South Wales,,-34.063802,151.156343,iNaturalist Australia
2016,9,New South Wales,,-33.800616,151.297276,iNaturalist Australia
2013,7,South Australia,,-35.01942,138.514938,iNaturalist Australia
2024,1,New South Wales,,-34.597307,150.899796,iNaturalist Australia
2020,11,New South Wales,,-33.839891,151.252879,iNaturalist Australia
2017,11,Victoria,,-38.357071,144.772382,iNaturalist Australia
2025,10,New South Wales,,-33.800051,151.29661,iNaturalist Australia
2021,2,Victoria,,-38.356598,144.773746,iNaturalist Australia
2025,5,New South Wales,,-33.800388,151.296574,iNaturalist Australia
2024,10,Victoria,,-38.367128,144.81143,iNaturalist Australia
2021,2,Victoria,,-38.162391,145.090162,iNaturalist Australia
2017,4,Victoria,,-38.358114,144.772639,iNaturalist Australia
2022,4,Western Australia,,-33.669513,114.996353,iNaturalist Australia
2021,11,Victoria,,-38.35838,144.772768,iNaturalist Australia
2019,2,Western Australia,,-32.010214,115.748096,iNaturalist Australia
2026,3,Victoria,,-38.267575,144.667587,iNaturalist Australia
2026,2,Victoria,,-38.36585,144.823024,iNaturalist Australia
2025,11,Victoria,,-38.365649,144.823154,iNaturalist Australia
2021,11,Australian Capital Territory,,-35.124341,150.757107,iNaturalist Australia
2025,11,New South Wales,,-35.858673,150.180942,iNaturalist Australia
2026,4,Tasmania,,-43.007475,147.326235,iNaturalist Australia
2024,1,South Australia,,-35.044894,138.507613,iNaturalist Australia
2023,3,Victoria,,-38.32735,144.94981,iNaturalist Australia
2021,4,Tasmania,,-40.230509,148.031161,iNaturalist Australia
2025,12,New South Wales,,-33.800067,151.296989,iNaturalist Australia
2021,2,Western Australia,,-32.051989,115.725662,iNaturalist Australia
2022,6,New South Wales,,-34.002689,151.227203,iNaturalist Australia
2026,5,New South Wales,,-36.422793,150.073639,iNaturalist Australia
2026,3,Victoria,,-38.270037,144.662995,iNaturalist Australia
2020,10,South Australia,,-34.637228,137.505292,iNaturalist Australia
2020,6,New South Wales,,-33.839681,151.252748,iNaturalist Australia
2019,4,South Australia,,-35.044606,138.507741,iNaturalist Australia
2026,2,Victoria,,-38.356076,144.772995,iNaturalist Australia
2023,3,Victoria,,-38.356127,144.773323,iNaturalist Australia
2022,2,Western Australia,,-32.098746,115.755863,iNaturalist Australia
2020,11,New South Wales,,-33.800455,151.297107,iNaturalist Australia
2026,1,South Australia,,-35.084575,137.749931,iNaturalist Australia
2023,1,Victoria,,-38.357357,144.772415,iNaturalist Australia
2016,5,South Australia,,-35.085033,137.749816,iNaturalist Australia
2021,12,South Australia,,-35.520558,138.186038,iNaturalist Australia
2014,5,New South Wales,,-36.967308,149.884623,iNaturalist Australia
2020,10,Western Australia,,-33.635937,115.340294,iNaturalist Australia
2023,12,South Australia,,-35.084854,137.749668,iNaturalist Australia
2020,2,New South Wales,,-33.800012,151.293926,iNaturalist Australia
2021,8,Western Australia,,-32.123973,115.758428,iNaturalist Australia
2019,1,South Australia,,-35.345177,138.442774,iNaturalist Australia
2024,11,Tasmania,,-41.873668,148.310898,iNaturalist Australia
2024,12,Victoria,,-38.839371,146.001905,iNaturalist Australia
2021,3,Western Australia,,-32.140357,115.761393,iNaturalist Australia
2025,3,Victoria,,-38.264623,144.669992,iNaturalist Australia
2022,12,Victoria,,-38.35716,144.773048,iNaturalist Australia
2019,3,South Australia,,-35.522424,138.185595,iNaturalist Australia
2025,2,Victoria,,-38.365739,144.823025,iNaturalist Australia
2025,3,New South Wales,,-33.840132,151.253084,iNaturalist Australia
2025,12,Victoria,,-38.522555,145.346175,iNaturalist Australia
2025,9,Victoria,,-38.26853,144.6651,iNaturalist Australia
2019,12,Victoria,,-37.926519,144.985561,iNaturalist Australia
2023,2,Western Australia,,-33.637362,115.34228,iNaturalist Australia
2024,2,South Australia,,-34.972851,138.498056,iNaturalist Australia
2021,3,Tasmania,,-42.129626,148.298217,iNaturalist Australia
2022,4,South Australia,,-35.424444,138.318162,iNaturalist Australia
2011,12,New South Wales,,-36.898781,149.927091,iNaturalist Australia
2021,3,South Australia,,-35.51089,138.217229,iNaturalist Australia
2022,4,South Australia,,-35.017236,138.512109,iNaturalist Australia
2020,9,New South Wales,,-33.811929,151.287843,iNaturalist Australia
2022,3,Western Australia,,-32.12426,115.759298,iNaturalist Australia
2023,11,Victoria,,-38.357254,144.773264,iNaturalist Australia
2018,4,Western Australia,,-32.10552,115.761508,iNaturalist Australia
2023,12,South Australia,,-35.149078,138.465942,iNaturalist Australia
2023,7,New South Wales,,-34.002909,151.227726,iNaturalist Australia
2015,5,Western Australia,,-35.052989,118.044361,iNaturalist Australia
2022,11,South Australia,,-35.521159,138.185275,iNaturalist Australia
2025,2,New South Wales,,-33.839849,151.25364,iNaturalist Australia
2024,8,Western Australia,,-32.018985,115.784248,iNaturalist Australia
2009,1,Victoria,,-38.672348,145.658197,iNaturalist Australia
2025,10,New South Wales,,-33.800312,151.294891,iNaturalist Australia
2024,2,South Australia,,-35.404315,138.33016,iNaturalist Australia
2019,12,Victoria,,-38.355729,144.772828,iNaturalist Australia
2025,4,New South Wales,,-33.800402,151.294277,iNaturalist Australia
2018,10,South Australia,,-35.137772,138.469232,iNaturalist Australia
2024,1,New South Wales,,-33.840156,151.253141,iNaturalist Australia
2023,12,South Australia,,-35.522854,138.185421,iNaturalist Australia
2017,3,New South Wales,,-32.714005,152.151031,iNaturalist Australia
2020,3,South Australia,,-35.148798,138.47032,iNaturalist Australia
2025,3,South Australia,,-35.02898,138.511822,iNaturalist Australia
2022,1,New South Wales,,-33.445359,151.450652,iNaturalist Australia
2021,10,New South Wales,,-34.003692,151.226408,iNaturalist Australia
2025,10,South Australia,,-34.718948,135.858647,iNaturalist Australia
2021,3,South Australia,,-35.510654,138.216779,iNaturalist Australia
2022,10,Victoria,,-38.357008,144.77322,iNaturalist Australia
2021,1,New South Wales,,-33.846212,151.202195,iNaturalist Australia
2023,2,South Australia,,-35.510862,138.214479,iNaturalist Australia
2021,8,New South Wales,,-33.839506,151.253866,iNaturalist Australia
2025,12,Tasmania,,-41.166039,146.561737,iNaturalist Australia
2025,3,New South Wales,,-33.799439,151.295271,iNaturalist Australia
2024,10,South Australia,,-34.826397,138.483217,iNaturalist Australia
2025,12,Tasmania,,-40.75847,145.298432,iNaturalist Australia
2025,3,Victoria,,-38.368528,144.822266,iNaturalist Australia
2021,2,Victoria,,-38.356459,144.773816,iNaturalist Australia
2020,12,South Australia,,-35.034346,138.514229,iNaturalist Australia
2024,5,Western Australia,,-31.850793,115.74922,iNaturalist Australia
2023,7,Western Australia,,-32.099899,115.760204,iNaturalist Australia
2025,11,New South Wales,,-33.446128,151.449491,iNaturalist Australia
2013,2,South Australia,,-34.261785,136.269275,iNaturalist Australia
2025,1,Victoria,,-38.273905,144.649503,iNaturalist Australia
2021,3,Western Australia,,-35.093047,117.946281,iNaturalist Australia
2022,10,New South Wales,,-33.979341,151.251637,iNaturalist Australia
2022,4,Western Australia,,-32.057095,115.736661,iNaturalist Australia
2020,6,New South Wales,,-33.866535,151.22124,iNaturalist Australia
2019,3,South Australia,,-35.369723,138.377846,iNaturalist Australia
2024,11,South Australia,,-34.806319,138.487708,iNaturalist Australia
2018,11,New South Wales,,-33.839732,151.253277,iNaturalist Australia
2025,3,South Australia,,-35.078736,138.495925,iNaturalist Australia
2025,12,South Australia,,-34.718948,135.858647,iNaturalist Australia
2018,12,Tasmania,,-40.700324,145.053844,iNaturalist Australia
2017,12,Victoria,,-38.32,144.713,iNaturalist Australia
2022,5,Western Australia,,-32.10134,115.756603,iNaturalist Australia
2018,4,Victoria,,-38.367641,144.822549,iNaturalist Australia
2021,3,South Australia,,-35.510881,138.217658,iNaturalist Australia
2020,11,New South Wales,,-33.800689,151.293713,iNaturalist Australia
2021,3,Western Australia,,-31.868157,115.752271,iNaturalist Australia
2020,7,Victoria,,-38.366944,144.822953,iNaturalist Australia
2022,4,South Australia,,-35.149554,138.464434,iNaturalist Australia
2021,2,New South Wales,,-33.092226,151.676128,iNaturalist Australia
2025,12,Victoria,,-38.138956,144.713557,iNaturalist Australia
2020,3,New South Wales,,-33.800047,151.297362,iNaturalist Australia
2024,6,New South Wales,,-33.865955,151.222198,iNaturalist Australia
2025,11,New South Wales,,-34.003325,151.226363,iNaturalist Australia
2021,12,South Australia,,-34.440423,135.229451,iNaturalist Australia
2021,2,South Australia,,-35.521736,138.185264,iNaturalist Australia
2019,1,Western Australia,,-33.631295,115.339008,iNaturalist Australia
2021,8,New South Wales,,-33.799879,151.280847,iNaturalist Australia
2025,3,New South Wales,,-34.003229,151.226399,iNaturalist Australia
2019,4,New South Wales,,-33.839432,151.277648,iNaturalist Australia
2017,12,South Australia,,-35.595533,138.104372,iNaturalist Australia
2025,4,New South Wales,,-33.799527,151.293683,iNaturalist Australia
2025,2,New South Wales,,-33.799972,151.296905,iNaturalist Australia
2020,5,,,-33.515553,115.366912,iNaturalist Australia
2025,10,Victoria,,-38.270997,144.662645,iNaturalist Australia
2024,9,Victoria,,-38.357025,144.773048,iNaturalist Australia
2018,1,New South Wales,,-33.800327,151.294832,iNaturalist Australia
2023,3,Victoria,,-38.357122,144.773152,iNaturalist Australia
2025,1,New South Wales,,-33.799741,151.29467,iNaturalist Australia
2023,12,Tasmania,,-41.140842,146.161653,iNaturalist Australia
2022,6,Western Australia,,-32.006976,115.749058,iNaturalist Australia
2025,6,New South Wales,,-33.448579,151.451037,iNaturalist Australia
2022,8,New South Wales,,-33.799956,151.297056,iNaturalist Australia
2021,12,Victoria,,-38.28827,144.502715,iNaturalist Australia
2025,4,New South Wales,,-34.003533,151.217508,iNaturalist Australia
2023,6,New South Wales,,-34.003435,151.230724,iNaturalist Australia
2025,10,Victoria,,-38.273995,144.657438,iNaturalist Australia
2019,11,South Australia,,-35.338332,138.444818,iNaturalist Australia
2025,11,Tasmania,,-41.06531,146.792876,iNaturalist Australia
2024,2,South Australia,,-35.129427,138.461041,iNaturalist Australia
2025,12,Tasmania,,-42.241816,148.01295,iNaturalist Australia
2022,4,South Australia,,-35.606326,138.093189,iNaturalist Australia
2022,3,South Australia,,-34.600638,137.901522,iNaturalist Australia
2014,3,Victoria,,-38.356554,144.773596,iNaturalist Australia
2022,5,Victoria,,-38.356554,144.773596,iNaturalist Australia
2025,12,Victoria,,-38.26817,144.66562,iNaturalist Australia
2022,2,New South Wales,,-33.798801,151.29507,iNaturalist Australia
2026,2,Western Australia,,-32.109002,115.761907,iNaturalist Australia
2025,9,Tasmania,,-43.058573,147.330896,iNaturalist Australia
2022,10,New South Wales,,-33.979341,151.251637,iNaturalist Australia
2022,1,New South Wales,,-33.839962,151.253693,iNaturalist Australia
2025,4,Tasmania,,-43.066497,147.350372,iNaturalist Australia
2019,3,South Australia,,-35.029522,138.516789,iNaturalist Australia
2021,2,Victoria,,-38.103504,145.124288,iNaturalist Australia
2024,9,Victoria,,-38.365588,144.823269,iNaturalist Australia
2025,11,New South Wales,,-34.474114,150.912583,iNaturalist Australia
2024,10,New South Wales,,-33.850072,151.27669,iNaturalist Australia
2025,5,Victoria,,-38.366529,144.823102,iNaturalist Australia
2025,3,South Australia,,-35.510654,138.216779,iNaturalist Australia
2025,3,South Australia,,-35.509592,138.215139,iNaturalist Australia
2024,7,Western Australia,,-32.209327,115.766464,iNaturalist Australia
2023,3,Victoria,,-38.366229,144.822958,iNaturalist Australia
2019,3,Victoria,,-37.935197,144.993857,iNaturalist Australia
2025,3,New South Wales,,-34.002834,151.226698,iNaturalist Australia
2023,4,South Australia,,-34.492771,135.389539,iNaturalist Australia
2019,6,South Australia,,-35.334292,138.446275,iNaturalist Australia
2015,2,New South Wales,,-32.716661,152.139438,iNaturalist Australia
2023,4,Victoria,,-38.146049,145.114326,iNaturalist Australia
2021,3,South Australia,,-35.510654,138.216779,iNaturalist Australia
2005,4,New South Wales,,-33.992144,151.232256,iNaturalist Australia
2025,7,South Australia,,-32.995154,137.75844,iNaturalist Australia
2024,7,Western Australia,,-32.007614,115.771938,iNaturalist Australia
2022,9,New South Wales,,-34.002797,151.227019,iNaturalist Australia
2021,10,New South Wales,,-33.839929,151.253823,iNaturalist Australia
2026,1,New South Wales,,-33.800404,151.296041,iNaturalist Australia
2019,12,New South Wales,,-34.064235,151.155839,iNaturalist Australia
2021,3,South Australia,,-35.510654,138.216779,iNaturalist Australia
2023,1,New South Wales,,-33.800158,151.274998,iNaturalist Australia
2025,3,South Australia,,-35.509592,138.215139,iNaturalist Australia
2002,1,New South Wales,,-34.069105,151.129764,iNaturalist Australia
2021,9,South Australia,,-35.588619,138.604635,iNaturalist Australia
2022,6,New South Wales,,-33.800234,151.297433,iNaturalist Australia
2025,2,Western Australia,,-31.9965,115.5399,iNaturalist Australia
2010,4,New South Wales,,-33.839343,151.278541,iNaturalist Australia
2023,11,Victoria,,-38.35484,144.772422,iNaturalist Australia
2026,1,New South Wales,,-33.086646,151.641184,iNaturalist Australia
2026,2,Western Australia,,-31.996315,115.74972,iNaturalist Australia
2022,4,Western Australia,,-32.271553,115.686071,iNaturalist Australia
2024,2,Victoria,,-38.365596,144.823095,iNaturalist Australia
2009,3,New South Wales,,-33.800177,151.296898,iNaturalist Australia
2020,1,Victoria,,-38.543335,143.972778,iNaturalist Australia
2021,1,New South Wales,,-33.800274,151.294204,iNaturalist Australia
2022,12,Western Australia,,-32.003451,115.746723,iNaturalist Australia
2025,12,New South Wales,,-33.991282,151.2301,iNaturalist Australia
2026,1,New South Wales,,-33.800047,151.296007,iNaturalist Australia
2021,9,Tasmania,,-41.159783,146.449574,iNaturalist Australia
2024,2,Victoria,,-38.365596,144.823095,iNaturalist Australia
2020,4,Western Australia,,-32.052325,115.7259,iNaturalist Australia
2025,11,South Australia,,-34.718948,135.858647,iNaturalist Australia
2025,4,Western Australia,,-31.845072,115.747096,iNaturalist Australia
2025,1,New South Wales,,-33.799741,151.29467,iNaturalist Australia
2024,1,Victoria,,-38.264334,144.668584,iNaturalist Australia
2020,12,South Australia,,-35.520741,138.184961,iNaturalist Australia
2023,1,Western Australia,,-32.005264,115.748225,iNaturalist Australia
2012,10,Tasmania,,-42.999652,147.329336,iNaturalist Australia
2019,1,Victoria,,-38.475858,145.027838,iNaturalist Australia
2023,3,Victoria,,-38.36649,144.822866,iNaturalist Australia
2025,11,Victoria,,-38.267188,144.668397,iNaturalist Australia
2023,6,Victoria,,-38.366008,144.823052,iNaturalist Australia
2021,7,Western Australia,,-32.139505,115.761608,iNaturalist Australia
2021,5,New South Wales,,-34.002533,151.225805,iNaturalist Australia
2021,12,Western Australia,,-32.052973,115.725366,iNaturalist Australia
2023,12,Victoria,,-38.253762,144.663147,iNaturalist Australia
2025,10,Victoria,,-38.268483,144.665055,iNaturalist Australia
2024,7,New South Wales,,-32.714318,152.150858,iNaturalist Australia
2020,11,New South Wales,,-33.839343,151.278541,iNaturalist Australia
2018,11,New South Wales,,-34.073035,151.147262,iNaturalist Australia
2022,3,South Australia,,-34.980386,138.507741,iNaturalist Australia
2018,1,South Australia,,-34.855468,135.960854,iNaturalist Australia
2020,12,New South Wales,,-37.215833,150.015,iNaturalist Australia
1993,2,South Australia,,-34.977931,138.509496,iNaturalist Australia
2026,3,Western Australia,,-33.644531,115.345035,iNaturalist Australia
2022,3,Western Australia,,-32.137819,115.744029,iNaturalist Australia
2025,1,New South Wales,,-35.505134,150.395375,iNaturalist Australia
2025,10,Tasmania,,-41.041069,146.833064,iNaturalist Australia
2023,2,Victoria,,-38.46643,144.10692,iNaturalist Australia
2025,9,New South Wales,,-33.839367,151.253122,iNaturalist Australia
2020,1,Victoria,,-38.35738,144.773259,iNaturalist Australia
2025,6,New South Wales,,-33.799802,151.296926,iNaturalist Australia
2026,2,Western Australia,,-33.669637,114.996794,iNaturalist Australia
2022,4,Victoria,,-38.350046,144.907181,iNaturalist Australia
2025,4,Western Australia,,-30.30195,115.036526,iNaturalist Australia
2025,12,New South Wales,,-33.599329,151.328306,iNaturalist Australia
2026,1,New South Wales,,-33.447047,151.450074,iNaturalist Australia
2025,4,Tasmania,,-43.05915,147.3283,iNaturalist Australia
2026,2,New South Wales,,-33.800065,151.297314,iNaturalist Australia
2026,4,New South Wales,,-33.800618,151.297,iNaturalist Australia
2020,7,New South Wales,,-33.840061,151.253983,iNaturalist Australia
2025,11,South Australia,,-34.718948,135.858647,iNaturalist Australia
2025,10,Tasmania,,-41.040683,146.833172,iNaturalist Australia
2026,4,New South Wales,,-33.800049,151.29659,iNaturalist Australia
2019,2,New South Wales,,-33.79996,151.297124,iNaturalist Australia
2025,2,New South Wales,,-35.857887,150.187712,iNaturalist Australia
2025,11,Tasmania,,-40.897653,145.53738,iNaturalist Australia
2022,4,Western Australia,,-32.052973,115.725366,iNaturalist Australia
2025,5,New South Wales,,-33.992713,151.227652,iNaturalist Australia
2010,1,South Australia,,-35.575302,138.5963,iNaturalist Australia
2024,4,Western Australia,,-31.996662,115.749867,iNaturalist Australia
2024,8,New South Wales,,-33.799527,151.293683,iNaturalist Australia
2014,1,South Australia,,-35.519132,138.185572,iNaturalist Australia
2024,1,Victoria,,-38.366042,144.822982,iNaturalist Australia
2025,10,New South Wales,,-33.839828,151.24783,iNaturalist Australia
2017,1,Victoria,,-38.356234,144.772117,iNaturalist Australia
2026,3,South Australia,,-35.084769,137.749624,iNaturalist Australia
2025,9,Tasmania,,-43.058635,147.330715,iNaturalist Australia
2020,11,Western Australia,,-32.123973,115.758428,iNaturalist Australia
2025,12,Western Australia,,-33.638635,115.360454,iNaturalist Australia
2024,9,South Australia,,-35.084533,138.493362,iNaturalist Australia
2021,4,South Australia,,-35.401793,138.333751,iNaturalist Australia
2020,12,Victoria,,-38.44998,145.286269,iNaturalist Australia
2013,7,South Australia,,-35.01942,138.514938,iNaturalist Australia
2023,7,Western Australia,,-32.209327,115.766464,iNaturalist Australia
2021,3,Tasmania,,-42.129557,148.296596,iNaturalist Australia
2020,11,Western Australia,,-32.123973,115.758428,iNaturalist Australia
2023,12,New South Wales,,-33.99183,151.229972,iNaturalist Australia
2025,2,New South Wales,,-33.800331,151.294244,iNaturalist Australia
2020,11,Western Australia,,-32.052706,115.725794,iNaturalist Australia
2023,3,South Australia,,-35.084775,137.748905,iNaturalist Australia
2024,2,South Australia,,-35.510237,138.216005,iNaturalist Australia
2020,8,Western Australia,,-33.643923,115.344616,iNaturalist Australia
2019,4,New South Wales,,-34.053501,151.188329,iNaturalist Australia
2021,8,New South Wales,,-33.839932,151.253321,iNaturalist Australia
2022,12,Victoria,,-38.318931,144.713354,iNaturalist Australia
2022,1,South Australia,,-35.149298,138.464336,iNaturalist Australia
2025,12,Western Australia,,-32.137756,115.744331,iNaturalist Australia
2024,2,New South Wales,,-33.797799,151.29679,iNaturalist Australia
2022,12,New South Wales,,-33.839502,151.253817,iNaturalist Australia
2026,1,New South Wales,,-36.209921,150.131874,iNaturalist Australia
2025,11,Tasmania,,-41.136312,146.819141,iNaturalist Australia
2025,10,New South Wales,,-33.800435,151.294615,iNaturalist Australia
2024,3,New South Wales,,-33.800078,151.295636,iNaturalist Australia
2021,4,South Australia,,-35.148702,138.464694,iNaturalist Australia
2021,11,South Australia,,-35.444262,138.307096,iNaturalist Australia
2020,9,South Australia,,-35.341683,138.443442,iNaturalist Australia
2021,8,New South Wales,,-33.914563,151.26826,iNaturalist Australia
2025,2,South Australia,,-35.08476,137.749808,iNaturalist Australia
2022,3,South Australia,,-35.148392,138.464946,iNaturalist Australia
2021,2,Victoria,,-38.163055,145.089769,iNaturalist Australia
2023,12,South Australia,,-34.075185,137.543641,iNaturalist Australia
2023,5,Western Australia,,-32.005282,115.747932,iNaturalist Australia
2018,4,New South Wales,,-33.916969,151.264279,iNaturalist Australia
2025,12,Victoria,,-38.267155,144.669312,iNaturalist Australia
2007,8,New South Wales,,-32.153833,152.539333,iNaturalist Australia
2021,1,South Australia,,-35.520061,138.184848,iNaturalist Australia
2025,10,New South Wales,,-33.800435,151.294615,iNaturalist Australia
2021,5,Western Australia,,-31.851725,115.751066,iNaturalist Australia
2019,12,Victoria,,-38.355962,144.77209,iNaturalist Australia
2019,12,South Australia,,-35.511046,138.217746,iNaturalist Australia
2023,3,Western Australia,,-32.008622,115.748978,iNaturalist Australia
2021,2,South Australia,,-35.019,138.52,iNaturalist Australia
2024,2,Western Australia,,-32.051989,115.725662,iNaturalist Australia
2024,8,Western Australia,,-32.139505,115.761608,iNaturalist Australia
2022,12,South Australia,,-35.520042,138.184721,iNaturalist Australia
2025,6,New South Wales,,-33.839808,151.253216,iNaturalist Australia
2026,3,Tasmania,,-42.138012,148.298216,iNaturalist Australia
2024,2,Western Australia,,-32.051989,115.725662,iNaturalist Australia
2022,11,South Australia,,-35.498452,138.245158,iNaturalist Australia
2017,1,New South Wales,,-33.800223,151.297447,iNaturalist Australia
2026,2,Victoria,,-38.356076,144.772995,iNaturalist Australia
2025,6,Tasmania,,-43.058563,147.330221,iNaturalist Australia
2025,3,South Australia,,-34.053939,137.556975,iNaturalist Australia
2019,1,New South Wales,,-33.838951,151.278367,iNaturalist Australia
2025,3,Victoria,,-38.355617,144.772397,iNaturalist Australia
2018,12,Victoria,,-38.211056,145.033391,iNaturalist Australia
2015,12,South Australia,,-35.522854,138.185421,iNaturalist Australia
2020,8,New South Wales,,-33.840226,151.252876,iNaturalist Australia
2023,2,Western Australia,,-32.12426,115.759298,iNaturalist Australia
2025,3,Victoria,,-38.272245,144.648422,iNaturalist Australia
2021,1,New South Wales,,-33.920232,151.260085,iNaturalist Australia
2024,10,Tasmania,,-42.121992,148.075225,iNaturalist Australia
2025,2,New South Wales,,-33.839813,151.253475,iNaturalist Australia
2023,11,Victoria,,-38.357892,144.772737,iNaturalist Australia
2024,2,Western Australia,,-32.051768,115.7258,iNaturalist Australia
2025,10,New South Wales,,-33.839591,151.254102,iNaturalist Australia
2023,2,Western Australia,,-32.12426,115.759298,iNaturalist Australia
2017,11,New South Wales,,-34.072978,151.150069,iNaturalist Australia
2013,4,New South Wales,,-32.208747,152.565955,iNaturalist Australia
2018,3,South Australia,,-35.122206,138.467989,iNaturalist Australia
2022,10,South Australia,,-35.509665,138.214735,iNaturalist Australia
2023,5,New South Wales,,-34.002797,151.227019,iNaturalist Australia
2025,6,Victoria,,-38.52046,145.364248,iNaturalist Australia
2021,9,New South Wales,,-33.915855,151.263349,iNaturalist Australia
2021,4,Western Australia,,-32.09703,115.757542,iNaturalist Australia
2020,1,South Australia,,-35.445,138.30806,iNaturalist Australia
2024,12,Victoria,,-38.838438,146.003097,iNaturalist Australia
2021,2,New South Wales,,-33.800415,151.294498,iNaturalist Australia
2020,6,New South Wales,,-33.011776,151.734149,iNaturalist Australia
2020,1,South Australia,,-35.149356,138.4646,iNaturalist Australia
2021,7,Victoria,,-37.868647,144.891189,iNaturalist Australia
2024,11,Victoria,,-38.318137,144.712921,iNaturalist Australia
2025,10,New South Wales,,-35.360387,150.479003,iNaturalist Australia
2024,1,Western Australia,,-33.989569,114.989636,iNaturalist Australia
2022,3,South Australia,,-35.148801,138.464868,iNaturalist Australia
2022,11,South Australia,,-35.471634,138.289809,iNaturalist Australia
2025,2,Victoria,,-37.990984,145.026122,iNaturalist Australia
2006,1,South Australia,,-35.440509,138.308195,iNaturalist Australia
2024,2,South Australia,,-35.509699,138.219432,iNaturalist Australia
2022,4,Victoria,,-38.356554,144.773596,iNaturalist Australia
2022,5,Western Australia,,-32.105788,115.761491,iNaturalist Australia
2015,11,New South Wales,,-33.800816,151.293575,iNaturalist Australia
2025,2,Victoria,,-37.801636,148.699192,iNaturalist Australia
2021,10,New South Wales,,-33.839818,151.25432,iNaturalist Australia
2005,9,New South Wales,,-33.228673,151.608723,iNaturalist Australia
2025,2,New South Wales,,-33.800051,151.29677,iNaturalist Australia
2016,2,Australian Capital Territory,,-35.126724,150.748451,iNaturalist Australia
2025,10,New South Wales,,-33.8402,151.253173,iNaturalist Australia
2025,5,New South Wales,,-35.0661,150.77299,iNaturalist Australia
2025,12,Victoria,,-38.268355,144.66542,iNaturalist Australia
2025,7,South Australia,,-34.963264,138.50802,iNaturalist Australia
2022,5,New South Wales,,-33.800538,151.294426,iNaturalist Australia
2024,10,Victoria,,-38.138963,144.713355,iNaturalist Australia
2021,2,New South Wales,,-33.800434,151.296877,iNaturalist Australia
2017,12,South Australia,,-35.01901,138.514659,iNaturalist Australia
2022,10,South Australia,,-35.284113,138.44188,iNaturalist Australia
2018,12,Victoria,,-38.356167,144.772871,iNaturalist Australia
2023,3,Victoria,,-38.012214,145.083564,iNaturalist Australia
2025,1,New South Wales,,-33.799741,151.29467,iNaturalist Australia
2025,10,Victoria,,-38.268528,144.664963,iNaturalist Australia
2023,1,Victoria,,-38.21233,145.040238,iNaturalist Australia
2021,8,South Australia,,-35.195706,138.469488,iNaturalist Australia
2022,3,Victoria,,-38.369894,144.822172,iNaturalist Australia
2022,10,South Australia,,-33.918094,136.575713,iNaturalist Australia
2024,9,New South Wales,,-34.003241,151.226911,iNaturalist Australia
2024,7,Western Australia,,-32.007614,115.771938,iNaturalist Australia
2023,10,South Australia,,-35.469531,138.289911,iNaturalist Australia
2023,1,Victoria,,-38.35716,144.773241,iNaturalist Australia
2017,4,New South Wales,,-33.800644,151.297383,iNaturalist Australia
2022,4,Western Australia,,-32.124047,115.75837,iNaturalist Australia
2023,2,Victoria,,-38.486417,145.153157,iNaturalist Australia
2026,1,Victoria,,-38.269455,144.663497,iNaturalist Australia
2021,3,Victoria,,-38.485462,145.016919,iNaturalist Australia
2018,1,South Australia,,-35.257409,138.460467,iNaturalist Australia
2020,10,South Australia,,-35.520799,138.184956,iNaturalist Australia
2021,3,New South Wales,,-33.800135,151.296124,iNaturalist Australia
2022,1,Western Australia,,-34.89473,118.333036,iNaturalist Australia
2019,10,South Australia,,-35.140393,138.469378,iNaturalist Australia
2020,10,New South Wales,,-33.800038,151.297234,iNaturalist Australia
2022,10,Victoria,,-38.366614,144.822836,iNaturalist Australia
2021,2,Victoria,,-38.145476,145.112979,iNaturalist Australia
2022,4,Victoria,,-38.357718,144.772476,iNaturalist Australia
2020,2,Victoria,,-38.367222,144.822784,iNaturalist Australia
2023,3,Victoria,,-38.356127,144.773323,iNaturalist Australia
2020,10,Western Australia,,-32.013227,115.774853,iNaturalist Australia
2024,3,Western Australia,,-31.850047,115.749807,iNaturalist Australia
2026,1,New South Wales,,-33.800074,151.295922,iNaturalist Australia
2020,8,New South Wales,,-33.840015,151.253447,iNaturalist Australia
2017,1,Western Australia,,-32.024844,115.524859,iNaturalist Australia
2024,12,New South Wales,,-33.839591,151.254102,iNaturalist Australia
2021,12,South Australia,,-35.52263,138.185195,iNaturalist Australia
2025,12,Tasmania,,-42.170108,148.273863,iNaturalist Australia
2019,8,Western Australia,,-32.209327,115.766464,iNaturalist Australia
2020,8,Western Australia,,-33.643923,115.344616,iNaturalist Australia
2021,10,South Australia,,-35.040183,138.512388,iNaturalist Australia
2025,8,Victoria,,-38.26805,144.666337,iNaturalist Australia
2022,8,South Australia,,-35.148992,138.467878,iNaturalist Australia
2025,2,South Australia,,-35.510074,138.215603,iNaturalist Australia
2024,4,Victoria,,-38.357092,144.773091,iNaturalist Australia
2024,5,New South Wales,,-33.799527,151.293683,iNaturalist Australia
2024,11,New South Wales,,-33.800442,151.296616,iNaturalist Australia
2022,10,Victoria,,-38.475759,145.026996,iNaturalist Australia
2026,2,Victoria,,-38.356076,144.772995,iNaturalist Australia
2026,1,Victoria,,-38.31796,144.71321,iNaturalist Australia
2025,5,Western Australia,,-32.1117,115.76227,iNaturalist Australia
2023,3,South Australia,,-35.084768,137.748882,iNaturalist Australia
2026,3,New South Wales,,-33.800202,151.296747,iNaturalist Australia
2025,11,Tasmania,,-41.080647,146.754578,iNaturalist Australia
2025,4,New South Wales,,-33.977317,151.251706,iNaturalist Australia
2020,9,New South Wales,,-33.799988,151.295346,iNaturalist Australia
2020,3,Victoria,,-38.36567,144.822748,iNaturalist Australia
2023,2,South Australia,,-35.016988,138.512533,iNaturalist Australia
2022,3,South Australia,,-35.148747,138.465551,iNaturalist Australia
2025,7,South Australia,,-35.037633,138.515553,iNaturalist Australia
2025,12,Tasmania,,-42.1735,148.278122,iNaturalist Australia
2022,12,Western Australia,,-32.051391,115.725108,iNaturalist Australia
2019,1,South Australia,,-35.282208,138.442383,iNaturalist Australia
2022,1,South Australia,,-35.039478,138.51207,iNaturalist Australia
2010,2,South Australia,,-35.522854,138.185421,iNaturalist Australia
2015,3,Victoria,,-38.225471,145.024939,iNaturalist Australia
2025,12,Victoria,,-38.547314,143.987511,iNaturalist Australia
2022,1,Victoria,,-38.369894,144.822172,iNaturalist Australia
2023,4,Victoria,,-38.146049,145.114326,iNaturalist Australia
2021,2,New South Wales,,-33.799084,151.28226,iNaturalist Australia
2020,4,New South Wales,,-33.800742,151.293689,iNaturalist Australia
2022,8,New South Wales,,-33.979341,151.251637,iNaturalist Australia
2025,2,South Australia,,-35.521763,138.18505,iNaturalist Australia
2025,4,South Australia,,-34.718957,135.858585,iNaturalist Australia
2022,6,New South Wales,,-34.002625,151.225732,iNaturalist Australia
2023,5,New South Wales,,-36.898832,149.927327,iNaturalist Australia
2021,3,Tasmania,,-42.12964,148.297659,iNaturalist Australia
2025,9,Victoria,,-37.964022,144.709075,iNaturalist Australia
2025,1,Tasmania,,-41.87037,148.302798,iNaturalist Australia
2020,11,New South Wales,,-33.839891,151.252879,iNaturalist Australia
2018,5,New South Wales,,-33.800455,151.29533,iNaturalist Australia
2025,5,Victoria,,-38.756927,143.675058,iNaturalist Australia
2024,3,Western Australia,,-32.001114,115.748863,iNaturalist Australia
2021,12,New South Wales,,-34.597478,150.899978,iNaturalist Australia
2024,8,New South Wales,,-33.859113,151.268492,iNaturalist Australia
2023,12,Western Australia,,-32.052031,115.725656,iNaturalist Australia
2020,11,New South Wales,,-33.799898,151.296902,iNaturalist Australia
2021,8,New South Wales,,-33.799773,151.283327,iNaturalist Australia
2023,4,Victoria,,-38.368565,144.821357,iNaturalist Australia
2018,1,South Australia,,-35.427513,138.317818,iNaturalist Australia
2025,12,Victoria,,-38.8255,146.109222,iNaturalist Australia
2022,11,New South Wales,,-33.849955,151.276495,iNaturalist Australia
2019,4,New South Wales,,-35.011725,150.76642,iNaturalist Australia
2026,2,Victoria,,-38.356076,144.772995,iNaturalist Australia
2021,3,New South Wales,,-33.800442,151.296554,iNaturalist Australia
2025,12,South Australia,,-34.718549,135.858886,iNaturalist Australia
2023,1,South Australia,,-35.338778,138.439566,iNaturalist Australia
2019,4,New South Wales,,-34.080021,151.164932,iNaturalist Australia
2023,1,Victoria,,-38.269775,144.663575,iNaturalist Australia
2021,10,South Australia,,-35.033889,138.514237,iNaturalist Australia
2022,3,Western Australia,,-32.05296,115.726031,iNaturalist Australia
2025,3,South Australia,,-35.510352,138.216001,iNaturalist Australia
2018,3,South Australia,,-35.519609,138.184669,iNaturalist Australia
2016,7,New South Wales,,-35.068857,150.68079,iNaturalist Australia
2024,2,South Australia,,-34.844869,138.497873,iNaturalist Australia
2025,11,Victoria,,-38.268895,144.663895,iNaturalist Australia
2007,11,New South Wales,,-36.251035,150.226996,iNaturalist Australia
2020,10,Western Australia,,-33.633441,115.339666,iNaturalist Australia
2024,12,South Australia,,-35.412145,138.327562,iNaturalist Australia
2021,1,Victoria,,-38.170551,144.718863,iNaturalist Australia
2020,5,Victoria,,-38.170551,144.718863,iNaturalist Australia
2022,5,New South Wales,,-33.800131,151.29721,iNaturalist Australia
2024,3,Tasmania,,-42.629257,148.023412,iNaturalist Australia
2024,10,Victoria,,-38.338692,144.745191,iNaturalist Australia
2022,9,New South Wales,,-33.916039,151.262566,iNaturalist Australia
2021,3,Western Australia,,-32.010214,115.748096,iNaturalist Australia
2026,2,Victoria,,-38.356076,144.772995,iNaturalist Australia
2011,1,Victoria,,-38.366431,144.822948,iNaturalist Australia
2022,3,South Australia,,-34.075336,137.545136,iNaturalist Australia
2007,2,South Australia,,-35.150441,138.46488,iNaturalist Australia
2024,12,Victoria,,-38.286451,144.616021,iNaturalist Australia
2022,1,New South Wales,,-33.800336,151.279971,iNaturalist Australia
2023,6,Victoria,,-38.357357,144.772415,iNaturalist Australia
2026,2,Victoria,,-38.367821,144.822722,iNaturalist Australia
2026,1,Victoria,,-38.356171,144.774032,iNaturalist Australia
2025,9,Tasmania,,-43.005378,147.328272,iNaturalist Australia
2022,4,Western Australia,,-32.271027,115.685856,iNaturalist Australia
2022,3,South Australia,,-35.520558,138.186038,iNaturalist Australia
2020,8,South Australia,,-34.26384,136.262715,iNaturalist Australia
2021,3,New South Wales,,-33.799538,151.281494,iNaturalist Australia
2023,4,South Australia,,-35.150202,138.465427,iNaturalist Australia
2025,2,New South Wales,,-33.914855,151.261228,iNaturalist Australia
2026,4,New South Wales,,-33.914855,151.261228,iNaturalist Australia
2024,1,Victoria,,-38.318076,144.713407,iNaturalist Australia
2025,10,New South Wales,,-34.070264,151.155218,iNaturalist Australia
2023,1,Victoria,,-38.357061,144.773369,iNaturalist Australia
2025,6,South Australia,,-34.829838,138.482282,iNaturalist Australia
2025,8,New South Wales,,-33.842394,151.280102,iNaturalist Australia
2025,2,Victoria,,-38.337733,144.744702,iNaturalist Australia
2022,4,South Australia,,-35.605421,138.09395,iNaturalist Australia
2006,3,New South Wales,,-33.447372,151.450236,iNaturalist Australia
2016,3,Victoria,,-38.356578,144.768481,iNaturalist Australia
2025,2,South Australia,,-35.510479,138.216095,iNaturalist Australia
2022,1,New South Wales,,-33.800492,151.295827,iNaturalist Australia
2023,12,South Australia,,-35.276244,138.443374,iNaturalist Australia
2023,2,Victoria,,-38.317756,144.713725,iNaturalist Australia
2000,3,Tasmania,,-43.08944,147.284089,"Biology of Southern Ocean squid, ecological importance and potential commercial implications - a preliminary assessment 1995/2006"
2000,3,Tasmania,,-43.08944,147.284089,"Biology of Southern Ocean squid, ecological importance and potential commercial implications - a preliminary assessment 1995/2006"
2000,3,Tasmania,,-43.08944,147.284089,"Biology of Southern Ocean squid, ecological importance and potential commercial implications - a preliminary assessment 1995/2006"
2000,3,Tasmania,,-43.08944,147.284089,"Biology of Southern Ocean squid, ecological importance and potential commercial implications - a preliminary assessment 1995/2006"
2000,3,Tasmania,,-43.08944,147.284089,"Biology of Southern Ocean squid, ecological importance and potential commercial implications - a preliminary assessment 1995/2006"
2000,3,Tasmania,,-43.08944,147.284089,"Biology of Southern Ocean squid, ecological importance and potential commercial implications - a preliminary assessment 1995/2006"
2000,3,Tasmania,,-43.08944,147.284089,"Biology of Southern Ocean squid, ecological importance and potential commercial implications - a preliminary assessment 1995/2006"
2000,3,Tasmania,,-43.08944,147.284089,"Biology of Southern Ocean squid, ecological importance and potential commercial implications - a preliminary assessment 1995/2006"
2000,3,Tasmania,,-43.08944,147.284089,"Biology of Southern Ocean squid, ecological importance and potential commercial implications - a preliminary assessment 1995/2006"
2001,12,Tasmania,Graveyard Point Transect 3,-42.6161,147.9413,"Restoration of String Kelp (Macrocystis pyrifera) habitat on Tasmania's east and south coasts: fish, invertebrate and algae counts, Australia (1998-2002)"
1990,3,Victoria,,-38.03583,144.77333,Port Phillip Bay Environmental Study Data 1992-1996 - trawl records
1990,3,Victoria,,-38.03567,145.01183,Port Phillip Bay Environmental Study Data 1992-1996 - trawl records
1990,3,Victoria,,-38.25417,145.00333,Port Phillip Bay Environmental Study Data 1992-1996 - trawl records
1990,3,Victoria,,-38.16917,144.75983,Port Phillip Bay Environmental Study Data 1992-1996 - trawl records
1990,3,Victoria,,-38.0365,144.755,Port Phillip Bay Environmental Study Data 1992-1996 - trawl records
1990,3,Victoria,,-38.25417,145.00333,Port Phillip Bay Environmental Study Data 1992-1996 - trawl records
1990,3,Victoria,,-38.17783,144.73367,Port Phillip Bay Environmental Study Data 1992-1996 - trawl records
1990,4,Victoria,,-38.027,145.075,Port Phillip Bay Environmental Study Data 1992-1996 - trawl records
1990,3,Victoria,,-38.03817,145.01167,Port Phillip Bay Environmental Study Data 1992-1996 - trawl records
1990,3,Victoria,,-38.24667,144.9935,Port Phillip Bay Environmental Study Data 1992-1996 - trawl records
1990,4,Victoria,,-38.027,145.075,Port Phillip Bay Environmental Study Data 1992-1996 - trawl records
1990,3,Victoria,,-37.88533,144.93833,Port Phillip Bay Environmental Study Data 1992-1996 - trawl records
1990,3,Victoria,,-38.16917,144.75983,Port Phillip Bay Environmental Study Data 1992-1996 - trawl records
1990,3,Victoria,,-37.97,144.9,Port Phillip Bay Environmental Study Data 1992-1996 - trawl records
1990,3,Victoria,,-37.97,144.9,Port Phillip Bay Environmental Study Data 1992-1996 - trawl records
1990,3,Victoria,,-38.02317,144.74517,Port Phillip Bay Environmental Study Data 1992-1996 - trawl records
1990,3,Victoria,,-38.05833,144.793,Port Phillip Bay Environmental Study Data 1992-1996 - trawl records
1990,3,Victoria,,-38.25333,145.00667,Port Phillip Bay Environmental Study Data 1992-1996 - trawl records
1990,3,Victoria,,-38.1755,144.7825,Port Phillip Bay Environmental Study Data 1992-1996 - trawl records
1990,3,Victoria,,-38.25567,145.01033,Port Phillip Bay Environmental Study Data 1992-1996 - trawl records
1990,3,Victoria,,-38.02317,144.74517,Port Phillip Bay Environmental Study Data 1992-1996 - trawl records
1990,3,Victoria,,-38.05,144.87083,Port Phillip Bay Environmental Study Data 1992-1996 - trawl records
1990,3,Victoria,,-38.07433,144.92867,Port Phillip Bay Environmental Study Data 1992-1996 - trawl records
1990,3,Victoria,,-38.25417,145.00333,Port Phillip Bay Environmental Study Data 1992-1996 - trawl records
1990,3,Victoria,,-38.0365,144.755,Port Phillip Bay Environmental Study Data 1992-1996 - trawl records
1990,3,Victoria,,-38.25567,145.01033,Port Phillip Bay Environmental Study Data 1992-1996 - trawl records
1990,3,Victoria,,-37.97333,144.90183,Port Phillip Bay Environmental Study Data 1992-1996 - trawl records
1990,3,Victoria,,-38.25567,145.01033,Port Phillip Bay Environmental Study Data 1992-1996 - trawl records
1990,3,Victoria,,-37.99583,144.71833,Port Phillip Bay Environmental Study Data 1992-1996 - trawl records
1990,3,Victoria,,-38.03567,145.01183,Port Phillip Bay Environmental Study Data 1992-1996 - trawl records
1990,3,Victoria,,-38.11067,144.564,Port Phillip Bay Environmental Study Data 1992-1996 - trawl records
1990,3,Victoria,,-38.01917,144.745,Port Phillip Bay Environmental Study Data 1992-1996 - trawl records
1990,3,Victoria,,-38.16917,144.75983,Port Phillip Bay Environmental Study Data 1992-1996 - trawl records
1990,3,Victoria,,-38.05833,144.79467,Port Phillip Bay Environmental Study Data 1992-1996 - trawl records
1990,3,Victoria,,-38.05,144.87083,Port Phillip Bay Environmental Study Data 1992-1996 - trawl records
1990,3,Victoria,,-38.05,144.87083,Port Phillip Bay Environmental Study Data 1992-1996 - trawl records
1990,3,Victoria,,-38.17617,144.76233,Port Phillip Bay Environmental Study Data 1992-1996 - trawl records
1990,3,Victoria,,-38.17617,144.76233,Port Phillip Bay Environmental Study Data 1992-1996 - trawl records
1990,3,Victoria,,-37.88533,144.93833,Port Phillip Bay Environmental Study Data 1992-1996 - trawl records
1990,3,Victoria,,-38.169,144.74733,Port Phillip Bay Environmental Study Data 1992-1996 - trawl records
1990,3,Victoria,,-38.17567,144.73183,Port Phillip Bay Environmental Study Data 1992-1996 - trawl records
1990,3,Victoria,,-38.20167,144.9075,Port Phillip Bay Environmental Study Data 1992-1996 - trawl records
1990,3,Victoria,,-38.00583,145.05683,Port Phillip Bay Environmental Study Data 1992-1996 - trawl records
1990,3,Victoria,,-38.17617,144.76233,Port Phillip Bay Environmental Study Data 1992-1996 - trawl records
1990,3,Victoria,,-38.24667,144.9935,Port Phillip Bay Environmental Study Data 1992-1996 - trawl records
1990,3,Victoria,,-38.03817,145.01167,Port Phillip Bay Environmental Study Data 1992-1996 - trawl records
1990,3,Victoria,,-38.11167,144.56417,Port Phillip Bay Environmental Study Data 1992-1996 - trawl records
1990,3,Victoria,,-38.01917,144.745,Port Phillip Bay Environmental Study Data 1992-1996 - trawl records
1990,3,Victoria,,-38.20167,144.9075,Port Phillip Bay Environmental Study Data 1992-1996 - trawl records
1990,3,Victoria,,-38.11067,144.564,Port Phillip Bay Environmental Study Data 1992-1996 - trawl records
1990,3,Victoria,,-37.9285,144.90833,Port Phillip Bay Environmental Study Data 1992-1996 - trawl records
1990,3,Victoria,,-38.17567,144.73183,Port Phillip Bay Environmental Study Data 1992-1996 - trawl records
1990,3,Victoria,,-38.03817,145.01167,Port Phillip Bay Environmental Study Data 1992-1996 - trawl records
1990,3,Victoria,,-38.05,144.87083,Port Phillip Bay Environmental Study Data 1992-1996 - trawl records
1990,3,Victoria,,-38.08567,144.92833,Port Phillip Bay Environmental Study Data 1992-1996 - trawl records
1990,3,Victoria,,-38.25033,144.98367,Port Phillip Bay Environmental Study Data 1992-1996 - trawl records
1990,3,Victoria,,-38.20167,144.9075,Port Phillip Bay Environmental Study Data 1992-1996 - trawl records
1990,3,Victoria,,-38.01917,144.745,Port Phillip Bay Environmental Study Data 1992-1996 - trawl records
1990,3,Victoria,,-38.1125,144.38583,Port Phillip Bay Environmental Study Data 1992-1996 - trawl records
1990,3,Victoria,,-38.00583,145.05683,Port Phillip Bay Environmental Study Data 1992-1996 - trawl records
1990,3,Victoria,,-37.9315,144.90667,Port Phillip Bay Environmental Study Data 1992-1996 - trawl records
1990,3,Victoria,,-37.99583,144.71833,Port Phillip Bay Environmental Study Data 1992-1996 - trawl records
1990,3,Victoria,,-38.25567,145.01033,Port Phillip Bay Environmental Study Data 1992-1996 - trawl records
1990,3,Victoria,,-38.16917,144.75983,Port Phillip Bay Environmental Study Data 1992-1996 - trawl records
1990,3,Victoria,,-38.24667,144.9935,Port Phillip Bay Environmental Study Data 1992-1996 - trawl records
1990,3,Victoria,,-38.01917,144.745,Port Phillip Bay Environmental Study Data 1992-1996 - trawl records
1990,3,Victoria,,-38.01667,145.04867,Port Phillip Bay Environmental Study Data 1992-1996 - trawl records
1990,3,Victoria,,-38.16917,144.75983,Port Phillip Bay Environmental Study Data 1992-1996 - trawl records
1990,3,Victoria,,-38.16917,144.75983,Port Phillip Bay Environmental Study Data 1992-1996 - trawl records
1990,3,Victoria,,-38.24667,144.9935,Port Phillip Bay Environmental Study Data 1992-1996 - trawl records
1990,3,Victoria,,-38.1125,144.38583,Port Phillip Bay Environmental Study Data 1992-1996 - trawl records
1990,3,Victoria,,-38.01167,145.04333,Port Phillip Bay Environmental Study Data 1992-1996 - trawl records
1990,3,Victoria,,-38.17617,144.76233,Port Phillip Bay Environmental Study Data 1992-1996 - trawl records
1990,3,Victoria,,-38.25033,144.98367,Port Phillip Bay Environmental Study Data 1992-1996 - trawl records
1990,3,Victoria,,-37.97,144.9,Port Phillip Bay Environmental Study Data 1992-1996 - trawl records
1990,3,Victoria,,-38.03667,144.87317,Port Phillip Bay Environmental Study Data 1992-1996 - trawl records
1990,3,Victoria,,-38.2575,145.01,Port Phillip Bay Environmental Study Data 1992-1996 - trawl records
1990,3,Victoria,,-38.11067,144.564,Port Phillip Bay Environmental Study Data 1992-1996 - trawl records
1990,3,Victoria,,-37.9315,144.90667,Port Phillip Bay Environmental Study Data 1992-1996 - trawl records
1990,3,Victoria,,-38.05833,144.793,Port Phillip Bay Environmental Study Data 1992-1996 - trawl records
1990,3,Victoria,,-37.88533,144.93833,Port Phillip Bay Environmental Study Data 1992-1996 - trawl records
1990,3,Victoria,,-38.17333,144.78317,Port Phillip Bay Environmental Study Data 1992-1996 - trawl records
1990,3,Victoria,,-38.07433,144.92867,Port Phillip Bay Environmental Study Data 1992-1996 - trawl records
1990,3,Victoria,,-38.08567,144.92833,Port Phillip Bay Environmental Study Data 1992-1996 - trawl records
1990,3,Victoria,,-38.03567,145.01183,Port Phillip Bay Environmental Study Data 1992-1996 - trawl records
1990,3,Victoria,,-38.25033,144.98367,Port Phillip Bay Environmental Study Data 1992-1996 - trawl records
1990,3,Victoria,,-38.17333,144.78317,Port Phillip Bay Environmental Study Data 1992-1996 - trawl records
1990,3,Victoria,,-38.20167,144.90533,Port Phillip Bay Environmental Study Data 1992-1996 - trawl records
1990,3,Victoria,,-38.17567,144.73183,Port Phillip Bay Environmental Study Data 1992-1996 - trawl records
1990,3,Victoria,,-38.1755,144.7825,Port Phillip Bay Environmental Study Data 1992-1996 - trawl records
1990,3,Victoria,,-38.20167,144.9075,Port Phillip Bay Environmental Study Data 1992-1996 - trawl records
1990,3,Victoria,,-37.88583,144.94033,Port Phillip Bay Environmental Study Data 1992-1996 - trawl records
1990,3,Victoria,,-38.07433,144.92867,Port Phillip Bay Environmental Study Data 1992-1996 - trawl records
1990,3,Victoria,,-38.08567,144.92833,Port Phillip Bay Environmental Study Data 1992-1996 - trawl records
1990,3,Victoria,,-38.25333,145.00667,Port Phillip Bay Environmental Study Data 1992-1996 - trawl records
1990,3,Victoria,,-38.1755,144.74533,Port Phillip Bay Environmental Study Data 1992-1996 - trawl records
1990,3,Victoria,,-37.97333,144.90183,Port Phillip Bay Environmental Study Data 1992-1996 - trawl records
1990,3,Victoria,,-38.00583,145.05683,Port Phillip Bay Environmental Study Data 1992-1996 - trawl records
1990,3,Victoria,,-38.05833,144.793,Port Phillip Bay Environmental Study Data 1992-1996 - trawl records
1990,3,Victoria,,-38.05833,144.79467,Port Phillip Bay Environmental Study Data 1992-1996 - trawl records
1990,3,Victoria,,-38.05833,144.79467,Port Phillip Bay Environmental Study Data 1992-1996 - trawl records
1990,3,Victoria,,-38.03667,144.87317,Port Phillip Bay Environmental Study Data 1992-1996 - trawl records
1990,3,Victoria,,-38.20167,144.90533,Port Phillip Bay Environmental Study Data 1992-1996 - trawl records
1990,3,Victoria,,-37.995,144.7235,Port Phillip Bay Environmental Study Data 1992-1996 - trawl records
1990,3,Victoria,,-37.99583,144.71833,Port Phillip Bay Environmental Study Data 1992-1996 - trawl records
1990,3,Victoria,,-37.995,144.7235,Port Phillip Bay Environmental Study Data 1992-1996 - trawl records
1990,3,Victoria,,-38.05833,144.793,Port Phillip Bay Environmental Study Data 1992-1996 - trawl records
1990,3,Victoria,,-38.05833,144.79467,Port Phillip Bay Environmental Study Data 1992-1996 - trawl records
1990,3,Victoria,,-38.11167,144.56417,Port Phillip Bay Environmental Study Data 1992-1996 - trawl records
1990,3,Victoria,,-38.106,144.4,Port Phillip Bay Environmental Study Data 1992-1996 - trawl records
1990,3,Victoria,,-37.88533,144.93833,Port Phillip Bay Environmental Study Data 1992-1996 - trawl records
1990,3,Victoria,,-38.03817,145.01167,Port Phillip Bay Environmental Study Data 1992-1996 - trawl records
1990,4,Victoria,,-38.027,145.075,Port Phillip Bay Environmental Study Data 1992-1996 - trawl records
1990,3,Victoria,,-38.1755,144.74533,Port Phillip Bay Environmental Study Data 1992-1996 - trawl records
1990,3,Victoria,,-38.17333,144.78317,Port Phillip Bay Environmental Study Data 1992-1996 - trawl records
1990,3,Victoria,,-38.20167,144.90533,Port Phillip Bay Environmental Study Data 1992-1996 - trawl records
1990,3,Victoria,,-38.25033,144.98367,Port Phillip Bay Environmental Study Data 1992-1996 - trawl records
1990,3,Victoria,,-38.03817,145.01167,Port Phillip Bay Environmental Study Data 1992-1996 - trawl records
1990,3,Victoria,,-38.00583,145.05683,Port Phillip Bay Environmental Study Data 1992-1996 - trawl records
1990,3,Victoria,,-38.2575,145.01,Port Phillip Bay Environmental Study Data 1992-1996 - trawl records
1990,3,Victoria,,-38.11167,144.56417,Port Phillip Bay Environmental Study Data 1992-1996 - trawl records
1990,3,Victoria,,-38.17783,144.73367,Port Phillip Bay Environmental Study Data 1992-1996 - trawl records
1990,3,Victoria,,-38.17333,144.78317,Port Phillip Bay Environmental Study Data 1992-1996 - trawl records
1990,3,Victoria,,-38.16917,144.75983,Port Phillip Bay Environmental Study Data 1992-1996 - trawl records
1990,3,Victoria,,-38.05833,144.793,Port Phillip Bay Environmental Study Data 1992-1996 - trawl records
1990,3,Victoria,,-38.25333,145.00667,Port Phillip Bay Environmental Study Data 1992-1996 - trawl records
1990,3,Victoria,,-38.17333,144.78317,Port Phillip Bay Environmental Study Data 1992-1996 - trawl records
1990,3,Victoria,,-37.9315,144.90667,Port Phillip Bay Environmental Study Data 1992-1996 - trawl records
1990,3,Victoria,,-38.05833,144.79467,Port Phillip Bay Environmental Study Data 1992-1996 - trawl records
1990,3,Victoria,,-38.17783,144.73367,Port Phillip Bay Environmental Study Data 1992-1996 - trawl records
1990,3,Victoria,,-38.25033,144.98367,Port Phillip Bay Environmental Study Data 1992-1996 - trawl records
1990,3,Victoria,,-38.17333,144.78317,Port Phillip Bay Environmental Study Data 1992-1996 - trawl records
1990,3,Victoria,,-38.03667,144.87317,Port Phillip Bay Environmental Study Data 1992-1996 - trawl records
1990,3,Victoria,,-38.11067,144.564,Port Phillip Bay Environmental Study Data 1992-1996 - trawl records
1990,3,Victoria,,-38.01167,145.04333,Port Phillip Bay Environmental Study Data 1992-1996 - trawl records
1990,3,Victoria,,-38.02317,144.74517,Port Phillip Bay Environmental Study Data 1992-1996 - trawl records
1990,3,Victoria,,-38.0365,144.755,Port Phillip Bay Environmental Study Data 1992-1996 - trawl records
1990,3,Victoria,,-38.25333,145.00667,Port Phillip Bay Environmental Study Data 1992-1996 - trawl records
1990,4,Victoria,,-38.027,145.075,Port Phillip Bay Environmental Study Data 1992-1996 - trawl records
1990,3,Victoria,,-38.24667,144.9935,Port Phillip Bay Environmental Study Data 1992-1996 - trawl records
1990,3,Victoria,,-38.25033,144.98367,Port Phillip Bay Environmental Study Data 1992-1996 - trawl records
1990,3,Victoria,,-38.24667,144.9935,Port Phillip Bay Environmental Study Data 1992-1996 - trawl records
1990,3,Victoria,,-38.1755,144.74533,Port Phillip Bay Environmental Study Data 1992-1996 - trawl records
1990,3,Victoria,,-38.25417,145.00333,Port Phillip Bay Environmental Study Data 1992-1996 - trawl records
1990,3,Victoria,,-38.17617,144.76233,Port Phillip Bay Environmental Study Data 1992-1996 - trawl records
1990,3,Victoria,,-38.1755,144.7825,Port Phillip Bay Environmental Study Data 1992-1996 - trawl records
1990,3,Victoria,,-37.995,144.7235,Port Phillip Bay Environmental Study Data 1992-1996 - trawl records
1990,3,Victoria,,-38.11167,144.56417,Port Phillip Bay Environmental Study Data 1992-1996 - trawl records
1990,3,Victoria,,-38.169,144.74733,Port Phillip Bay Environmental Study Data 1992-1996 - trawl records
1990,3,Victoria,,-38.25333,145.00667,Port Phillip Bay Environmental Study Data 1992-1996 - trawl records
1990,3,Victoria,,-38.11167,144.56417,Port Phillip Bay Environmental Study Data 1992-1996 - trawl records
1990,3,Victoria,,-38.1755,144.7825,Port Phillip Bay Environmental Study Data 1992-1996 - trawl records
1990,3,Victoria,,-37.97333,144.90183,Port Phillip Bay Environmental Study Data 1992-1996 - trawl records
1990,3,Victoria,,-38.1125,144.38583,Port Phillip Bay Environmental Study Data 1992-1996 - trawl records
1990,3,Victoria,,-38.20167,144.90533,Port Phillip Bay Environmental Study Data 1992-1996 - trawl records
1990,3,Victoria,,-38.05,144.87083,Port Phillip Bay Environmental Study Data 1992-1996 - trawl records
1990,4,Victoria,,-38.027,145.075,Port Phillip Bay Environmental Study Data 1992-1996 - trawl records
1990,3,Victoria,,-38.1755,144.74533,Port Phillip Bay Environmental Study Data 1992-1996 - trawl records
1990,3,Victoria,,-38.2575,145.01,Port Phillip Bay Environmental Study Data 1992-1996 - trawl records
1990,3,Victoria,,-38.07433,144.92867,Port Phillip Bay Environmental Study Data 1992-1996 - trawl records
1990,3,Victoria,,-38.05833,144.79467,Port Phillip Bay Environmental Study Data 1992-1996 - trawl records
1990,3,Victoria,,-38.20167,144.90533,Port Phillip Bay Environmental Study Data 1992-1996 - trawl records
1990,3,Victoria,,-38.17333,144.78317,Port Phillip Bay Environmental Study Data 1992-1996 - trawl records
1990,3,Victoria,,-38.0365,144.755,Port Phillip Bay Environmental Study Data 1992-1996 - trawl records
1990,3,Victoria,,-38.0365,144.755,Port Phillip Bay Environmental Study Data 1992-1996 - trawl records
1990,3,Victoria,,-38.17567,144.73183,Port Phillip Bay Environmental Study Data 1992-1996 - trawl records
1990,3,Victoria,,-38.01167,145.04333,Port Phillip Bay Environmental Study Data 1992-1996 - trawl records
1990,3,Victoria,,-38.05,144.87083,Port Phillip Bay Environmental Study Data 1992-1996 - trawl records
1990,3,Victoria,,-38.20167,144.9075,Port Phillip Bay Environmental Study Data 1992-1996 - trawl records
1990,3,Victoria,,-37.97333,144.90183,Port Phillip Bay Environmental Study Data 1992-1996 - trawl records
1990,3,Victoria,,-38.05833,144.79467,Port Phillip Bay Environmental Study Data 1992-1996 - trawl records
1990,3,Victoria,,-38.106,144.4,Port Phillip Bay Environmental Study Data 1992-1996 - trawl records
1990,3,Victoria,,-38.00583,145.05683,Port Phillip Bay Environmental Study Data 1992-1996 - trawl records
1990,3,Victoria,,-38.05833,144.79467,Port Phillip Bay Environmental Study Data 1992-1996 - trawl records
1990,3,Victoria,,-38.07433,144.92867,Port Phillip Bay Environmental Study Data 1992-1996 - trawl records
1990,3,Victoria,,-38.00583,145.05683,Port Phillip Bay Environmental Study Data 1992-1996 - trawl records
1990,3,Victoria,,-38.05833,144.793,Port Phillip Bay Environmental Study Data 1992-1996 - trawl records
1990,3,Victoria,,-37.97333,144.90183,Port Phillip Bay Environmental Study Data 1992-1996 - trawl records
1990,3,Victoria,,-37.97333,144.90183,Port Phillip Bay Environmental Study Data 1992-1996 - trawl records
1990,3,Victoria,,-38.01667,145.04867,Port Phillip Bay Environmental Study Data 1992-1996 - trawl records
1990,3,Victoria,,-38.01667,145.04867,Port Phillip Bay Environmental Study Data 1992-1996 - trawl records
1990,3,Victoria,,-38.17783,144.73367,Port Phillip Bay Environmental Study Data 1992-1996 - trawl records
1990,3,Victoria,,-37.97,144.9,Port Phillip Bay Environmental Study Data 1992-1996 - trawl records
1990,3,Victoria,,-37.9285,144.90833,Port Phillip Bay Environmental Study Data 1992-1996 - trawl records
1990,3,Victoria,,-38.05,144.87083,Port Phillip Bay Environmental Study Data 1992-1996 - trawl records
1990,3,Victoria,,-38.08567,144.92833,Port Phillip Bay Environmental Study Data 1992-1996 - trawl records
1990,3,Victoria,,-38.08567,144.92833,Port Phillip Bay Environmental Study Data 1992-1996 - trawl records
1990,3,Victoria,,-38.03667,144.87317,Port Phillip Bay Environmental Study Data 1992-1996 - trawl records
1990,3,Victoria,,-38.03817,145.01167,Port Phillip Bay Environmental Study Data 1992-1996 - trawl records
1990,3,Victoria,,-38.01667,145.04867,Port Phillip Bay Environmental Study Data 1992-1996 - trawl records
1990,3,Victoria,,-38.25567,145.01033,Port Phillip Bay Environmental Study Data 1992-1996 - trawl records
1990,3,Victoria,,-38.0365,144.755,Port Phillip Bay Environmental Study Data 1992-1996 - trawl records
1990,3,Victoria,,-38.20167,144.9075,Port Phillip Bay Environmental Study Data 1992-1996 - trawl records
1990,3,Victoria,,-38.17567,144.73183,Port Phillip Bay Environmental Study Data 1992-1996 - trawl records
1990,3,Victoria,,-38.1755,144.74533,Port Phillip Bay Environmental Study Data 1992-1996 - trawl records
1990,3,Victoria,,-38.17783,144.73367,Port Phillip Bay Environmental Study Data 1992-1996 - trawl records
1990,3,Victoria,,-37.88583,144.94033,Port Phillip Bay Environmental Study Data 1992-1996 - trawl records
1990,3,Victoria,,-38.24667,144.9935,Port Phillip Bay Environmental Study Data 1992-1996 - trawl records
1990,3,Victoria,,-38.03567,145.01183,Port Phillip Bay Environmental Study Data 1992-1996 - trawl records
1990,3,Victoria,,-37.88583,144.94033,Port Phillip Bay Environmental Study Data 1992-1996 - trawl records
1990,3,Victoria,,-38.03583,144.77333,Port Phillip Bay Environmental Study Data 1992-1996 - trawl records
1990,3,Victoria,,-38.03667,144.87317,Port Phillip Bay Environmental Study Data 1992-1996 - trawl records
1990,3,Victoria,,-38.03817,145.01167,Port Phillip Bay Environmental Study Data 1992-1996 - trawl records
1990,3,Victoria,,-38.20167,144.9075,Port Phillip Bay Environmental Study Data 1992-1996 - trawl records
1990,3,Victoria,,-38.01167,145.04333,Port Phillip Bay Environmental Study Data 1992-1996 - trawl records
1990,3,Victoria,,-38.17617,144.76233,Port Phillip Bay Environmental Study Data 1992-1996 - trawl records
1990,3,Victoria,,-38.106,144.4,Port Phillip Bay Environmental Study Data 1992-1996 - trawl records
1990,3,Victoria,,-38.24667,144.9935,Port Phillip Bay Environmental Study Data 1992-1996 - trawl records
1990,3,Victoria,,-38.17567,144.73183,Port Phillip Bay Environmental Study Data 1992-1996 - trawl records
1990,3,Victoria,,-37.88583,144.94033,Port Phillip Bay Environmental Study Data 1992-1996 - trawl records
1990,3,Victoria,,-37.97,144.9,Port Phillip Bay Environmental Study Data 1992-1996 - trawl records
1990,3,Victoria,,-38.11067,144.564,Port Phillip Bay Environmental Study Data 1992-1996 - trawl records
1990,3,Victoria,,-38.20167,144.9075,Port Phillip Bay Environmental Study Data 1992-1996 - trawl records
1990,3,Victoria,,-38.20167,144.90533,Port Phillip Bay Environmental Study Data 1992-1996 - trawl records
1990,3,Victoria,,-38.02317,144.74517,Port Phillip Bay Environmental Study Data 1992-1996 - trawl records
1990,3,Victoria,,-38.01667,145.04867,Port Phillip Bay Environmental Study Data 1992-1996 - trawl records
1990,3,Victoria,,-38.05833,144.793,Port Phillip Bay Environmental Study Data 1992-1996 - trawl records
1990,3,Victoria,,-38.17567,144.73183,Port Phillip Bay Environmental Study Data 1992-1996 - trawl records
1990,3,Victoria,,-38.1755,144.74533,Port Phillip Bay Environmental Study Data 1992-1996 - trawl records
1990,3,Victoria,,-38.11067,144.564,Port Phillip Bay Environmental Study Data 1992-1996 - trawl records
1990,3,Victoria,,-38.07433,144.92867,Port Phillip Bay Environmental Study Data 1992-1996 - trawl records
1990,3,Victoria,,-38.00583,145.05683,Port Phillip Bay Environmental Study Data 1992-1996 - trawl records
2020,12,Western Australia,,-33.5,115.5,Earth Guardians Weekly Feed
2019,12,South Australia,,-34.99449,137.75948,Earth Guardians Weekly Feed
2021,4,Western Australia,,-31.9,115.7,Earth Guardians Weekly Feed
2025,9,Western Australia,,-25.9,113.5,Earth Guardians Weekly Feed
2021,7,South Australia,,-34.7,135.9,Earth Guardians Weekly Feed
2020,4,South Australia,,-34.980569,138.510487,Earth Guardians Weekly Feed
2020,3,South Australia,,-35.149319,138.466025,Earth Guardians Weekly Feed
2020,11,Victoria,,-38.426121,144.17904,Earth Guardians Weekly Feed
2020,2,South Australia,,-33.226915,134.659584,Earth Guardians Weekly Feed
2019,9,South Australia,,-34.994042,137.398851,Earth Guardians Weekly Feed
2019,7,Western Australia,,-22.21541,114.105037,Earth Guardians Weekly Feed
2021,1,Western Australia,,-33.5,115.5,Earth Guardians Weekly Feed
2021,1,Western Australia,,-33.5,115.5,Earth Guardians Weekly Feed
2022,1,Western Australia,,-34.9,118.3,Earth Guardians Weekly Feed
2022,3,Western Australia,,-33.6,115.3,Earth Guardians Weekly Feed
2025,5,South Australia,,-34.9,137.0,Earth Guardians Weekly Feed
2020,8,New South Wales,,-33.596052,151.306154,Earth Guardians Weekly Feed
2019,8,Western Australia,,-33.645017,115.255863,Earth Guardians Weekly Feed
2021,11,South Australia,"Fowlers Bay, east of township, 30 - 45 m depth",-31.95855,132.58498,BRUVS - Bush Blitz Great Australian Bight Fish Data
2021,11,South Australia,"Scotts Bay, west of township, 6 - 15 m depth",-32.008269,132.393583,BRUVS - Bush Blitz Great Australian Bight Fish Data
2021,11,South Australia,"Wandilla Bay, 10 - 15 m depth",-32.029277,132.272542,BRUVS - Bush Blitz Great Australian Bight Fish Data
,,South Australia,Coast,-36.0,134.0,"NMNH Extant Specimen Records (USNM, US)"
,,South Australia,,-36.0,134.0,"NMNH Extant Specimen Records (USNM, US)"
,,South Australia,,-36.0,134.0,"NMNH Extant Specimen Records (USNM, US)"
1885,9,South Australia,,-35.0,138.0,"NMNH Extant Specimen Records (USNM, US)"
,,Victoria,"Port Phillip Bay, Queenscliff",-38.27,144.67,"NMNH Extant Specimen Records (USNM, US)"
,,South Australia,,-35.0,138.0,"NMNH Extant Specimen Records (USNM, US)"
2012,8,Tasmania,Flinders Commonwealth Marine Reserve,-40.5075,148.6295,"Flinders and Tasman Fracture Australian Marine Parks Pilot Survey- Shelf Baited Underwater Video (BRUV) component, Australia  (2012-2015)"
2012,8,Tasmania,Flinders Commonwealth Marine Reserve,-40.6525,148.6138,"Flinders and Tasman Fracture Australian Marine Parks Pilot Survey- Shelf Baited Underwater Video (BRUV) component, Australia  (2012-2015)"
2012,8,,Na,-40.45881,148.6274,"Flinders Australian Marine Park BRUVs, Australia (2012)"
2012,8,,Na,-40.45881,148.6274,"Flinders Australian Marine Park BRUVs, Australia (2012)"
2012,8,,Na,-40.65628,148.61352,"Flinders Australian Marine Park BRUVs, Australia (2012)"
2012,8,,Na,-40.8431,148.60719,"Flinders Australian Marine Park BRUVs, Australia (2012)"
2012,8,,Na,-40.4581,148.62696,"Flinders Australian Marine Park BRUVs, Australia (2012)"
2012,8,,Na,-40.50813,148.62379,"Flinders Australian Marine Park BRUVs, Australia (2012)"
2012,8,,Na,-40.6526,148.61393,"Flinders Australian Marine Park BRUVs, Australia (2012)"
2012,8,,Na,-40.46544,148.63009,"Flinders Australian Marine Park BRUVs, Australia (2012)"
2012,8,,Na,-40.45881,148.6274,"Flinders Australian Marine Park BRUVs, Australia (2012)"
2012,8,,Na,-40.65599,148.62212,"Flinders Australian Marine Park BRUVs, Australia (2012)"
2012,8,,Na,-40.50752,148.62958,"Flinders Australian Marine Park BRUVs, Australia (2012)"
2012,8,,Na,-40.50869,148.61561,"Flinders Australian Marine Park BRUVs, Australia (2012)"
2012,8,,Na,-40.50869,148.61561,"Flinders Australian Marine Park BRUVs, Australia (2012)"
2012,8,,Na,-40.74137,148.62787,"Flinders Australian Marine Park BRUVs, Australia (2012)"
2012,8,,Na,-40.51542,148.6288,"Flinders Australian Marine Park BRUVs, Australia (2012)"
2012,8,,Na,-40.45771,148.62738,"Flinders Australian Marine Park BRUVs, Australia (2012)"
2012,8,,Na,-40.4581,148.62696,"Flinders Australian Marine Park BRUVs, Australia (2012)"
2012,8,,Na,-40.81023,148.59092,"Flinders Australian Marine Park BRUVs, Australia (2012)"
2018,9,,7,-39.3711,147.154,"BRUV data from the Beagle Australian Marine Park, Bass Strait, Australia (2018)"
2018,9,,4,-39.3517,147.129,"BRUV data from the Beagle Australian Marine Park, Bass Strait, Australia (2018)"
2018,9,,4,-39.3517,147.129,"BRUV data from the Beagle Australian Marine Park, Bass Strait, Australia (2018)"
2021,6,,26,-43.6196,147.22143,"Fish monitoring of the shelf region of the Huon Australian Marine Park, Tasmania, Australia (2021)"
2021,6,,2,-43.6171,147.22575,"Fish monitoring of the shelf region of the Huon Australian Marine Park, Tasmania, Australia (2021)"
2021,6,,2,-43.6171,147.22575,"Fish monitoring of the shelf region of the Huon Australian Marine Park, Tasmania, Australia (2021)"
2021,7,,20,-43.65769,147.25522,"Fish monitoring of the shelf region of the Huon Australian Marine Park, Tasmania, Australia (2021)"
2021,7,,1,-43.67482,147.09524,"Fish monitoring of the shelf region of the Huon Australian Marine Park, Tasmania, Australia (2021)"
2021,6,,2,-43.6171,147.22575,"Fish monitoring of the shelf region of the Huon Australian Marine Park, Tasmania, Australia (2021)"
2021,7,,15,-43.61728,147.23103,"Fish monitoring of the shelf region of the Huon Australian Marine Park, Tasmania, Australia (2021)"
2021,6,,15,-43.62148,147.23711,"Fish monitoring of the shelf region of the Huon Australian Marine Park, Tasmania, Australia (2021)"
2021,7,,4,-43.66776,147.29066,"Fish monitoring of the shelf region of the Huon Australian Marine Park, Tasmania, Australia (2021)"
2021,6,,19,-43.65852,147.27748,"Fish monitoring of the shelf region of the Huon Australian Marine Park, Tasmania, Australia (2021)"
2021,7,,17,-43.69472,147.01607,"Fish monitoring of the shelf region of the Huon Australian Marine Park, Tasmania, Australia (2021)"
2021,7,,20,-43.65769,147.25522,"Fish monitoring of the shelf region of the Huon Australian Marine Park, Tasmania, Australia (2021)"
2021,7,,175,-43.68735,147.03807,"Fish monitoring of the shelf region of the Huon Australian Marine Park, Tasmania, Australia (2021)"
2021,7,,17,-43.69472,147.01607,"Fish monitoring of the shelf region of the Huon Australian Marine Park, Tasmania, Australia (2021)"
2021,7,,4,-43.66776,147.29066,"Fish monitoring of the shelf region of the Huon Australian Marine Park, Tasmania, Australia (2021)"
2021,6,,2,-43.6171,147.22575,"Fish monitoring of the shelf region of the Huon Australian Marine Park, Tasmania, Australia (2021)"
2021,6,,16,-43.7556,147.02611,"Fish monitoring of the shelf region of the Huon Australian Marine Park, Tasmania, Australia (2021)"
2021,7,,9,-43.61,147.22361,"Fish monitoring of the shelf region of the Huon Australian Marine Park, Tasmania, Australia (2021)"
2021,6,,12,-43.6532,147.26046,"Fish monitoring of the shelf region of the Huon Australian Marine Park, Tasmania, Australia (2021)"
2021,6,,2,-43.6171,147.22575,"Fish monitoring of the shelf region of the Huon Australian Marine Park, Tasmania, Australia (2021)"
2021,6,,2,-43.6171,147.22575,"Fish monitoring of the shelf region of the Huon Australian Marine Park, Tasmania, Australia (2021)"
2021,6,,2,-43.61556,147.22574,"Fish monitoring of the shelf region of the Huon Australian Marine Park, Tasmania, Australia (2021)"
2021,6,,2,-43.6171,147.22575,"Fish monitoring of the shelf region of the Huon Australian Marine Park, Tasmania, Australia (2021)"
2021,7,,9,-43.61157,147.22629,"Fish monitoring of the shelf region of the Huon Australian Marine Park, Tasmania, Australia (2021)"
2021,7,,25,-44.01334,147.14699,"Fish monitoring of the shelf region of the Huon Australian Marine Park, Tasmania, Australia (2021)"
2021,6,,2,-43.6171,147.22575,"Fish monitoring of the shelf region of the Huon Australian Marine Park, Tasmania, Australia (2021)"
2021,6,,12,-43.6532,147.26046,"Fish monitoring of the shelf region of the Huon Australian Marine Park, Tasmania, Australia (2021)"
2021,7,,15,-43.61728,147.23103,"Fish monitoring of the shelf region of the Huon Australian Marine Park, Tasmania, Australia (2021)"
2021,6,,19,-43.65637,147.27541,"Fish monitoring of the shelf region of the Huon Australian Marine Park, Tasmania, Australia (2021)"
2021,7,,18,-43.61001,147.22071,"Fish monitoring of the shelf region of the Huon Australian Marine Park, Tasmania, Australia (2021)"
2021,7,,17,-43.69472,147.01607,"Fish monitoring of the shelf region of the Huon Australian Marine Park, Tasmania, Australia (2021)"
2021,7,,17,-43.69472,147.01607,"Fish monitoring of the shelf region of the Huon Australian Marine Park, Tasmania, Australia (2021)"
2021,6,,10,-43.6238,147.23105,"Fish monitoring of the shelf region of the Huon Australian Marine Park, Tasmania, Australia (2021)"
2021,6,,5,-43.69903,147.28552,"Fish monitoring of the shelf region of the Huon Australian Marine Park, Tasmania, Australia (2021)"
2021,7,,20,-43.65769,147.25522,"Fish monitoring of the shelf region of the Huon Australian Marine Park, Tasmania, Australia (2021)"
2021,6,,6,-43.63774,147.25777,"Fish monitoring of the shelf region of the Huon Australian Marine Park, Tasmania, Australia (2021)"
2021,7,,17,-43.69472,147.01607,"Fish monitoring of the shelf region of the Huon Australian Marine Park, Tasmania, Australia (2021)"
2021,6,,26,-43.61546,147.21831,"Fish monitoring of the shelf region of the Huon Australian Marine Park, Tasmania, Australia (2021)"
2021,6,,15,-43.62148,147.23711,"Fish monitoring of the shelf region of the Huon Australian Marine Park, Tasmania, Australia (2021)"
2021,7,,15,-43.61728,147.23103,"Fish monitoring of the shelf region of the Huon Australian Marine Park, Tasmania, Australia (2021)"
2021,6,,5,-43.69903,147.28552,"Fish monitoring of the shelf region of the Huon Australian Marine Park, Tasmania, Australia (2021)"
2021,7,,14,-43.8316,147.35413,"Fish monitoring of the shelf region of the Huon Australian Marine Park, Tasmania, Australia (2021)"
2021,7,,15,-43.61919,147.23394,"Fish monitoring of the shelf region of the Huon Australian Marine Park, Tasmania, Australia (2021)"
2021,7,,17,-43.69472,147.01607,"Fish monitoring of the shelf region of the Huon Australian Marine Park, Tasmania, Australia (2021)"
2021,6,,2,-43.6171,147.22575,"Fish monitoring of the shelf region of the Huon Australian Marine Park, Tasmania, Australia (2021)"
2021,7,,11,-43.65453,147.29165,"Fish monitoring of the shelf region of the Huon Australian Marine Park, Tasmania, Australia (2021)"
2021,7,,15,-43.61919,147.23394,"Fish monitoring of the shelf region of the Huon Australian Marine Park, Tasmania, Australia (2021)"
2021,6,,6,-43.64034,147.25506,"Fish monitoring of the shelf region of the Huon Australian Marine Park, Tasmania, Australia (2021)"
2021,6,,17,-43.69894,147.00947,"Fish monitoring of the shelf region of the Huon Australian Marine Park, Tasmania, Australia (2021)"
2021,6,,6,-43.63863,147.2611,"Fish monitoring of the shelf region of the Huon Australian Marine Park, Tasmania, Australia (2021)"
2021,7,,2,-43.61594,147.2297,"Fish monitoring of the shelf region of the Huon Australian Marine Park, Tasmania, Australia (2021)"
2021,9,,9,-42.19414,148.54679,"Stereo BRUV sampling of Freycinet  Australian Marine Park and nearby Trap reef and Governor Island Marine Reserve, Tasmania, Australia (2016 and 2021)"
2021,9,,3,-42.20198,148.48696,"Stereo BRUV sampling of Freycinet  Australian Marine Park and nearby Trap reef and Governor Island Marine Reserve, Tasmania, Australia (2016 and 2021)"
2021,8,,28,-41.86953,148.54834,"Stereo BRUV sampling of Freycinet  Australian Marine Park and nearby Trap reef and Governor Island Marine Reserve, Tasmania, Australia (2016 and 2021)"
2021,9,,4,-41.72818,148.49923,"Stereo BRUV sampling of Freycinet  Australian Marine Park and nearby Trap reef and Governor Island Marine Reserve, Tasmania, Australia (2016 and 2021)"
2021,9,,9,-42.19414,148.54679,"Stereo BRUV sampling of Freycinet  Australian Marine Park and nearby Trap reef and Governor Island Marine Reserve, Tasmania, Australia (2016 and 2021)"
2021,8,,28,-41.86953,148.54834,"Stereo BRUV sampling of Freycinet  Australian Marine Park and nearby Trap reef and Governor Island Marine Reserve, Tasmania, Australia (2016 and 2021)"
2021,8,,15,-41.6591,148.53752,"Stereo BRUV sampling of Freycinet  Australian Marine Park and nearby Trap reef and Governor Island Marine Reserve, Tasmania, Australia (2016 and 2021)"
2021,9,,9,-42.18998,148.54815,"Stereo BRUV sampling of Freycinet  Australian Marine Park and nearby Trap reef and Governor Island Marine Reserve, Tasmania, Australia (2016 and 2021)"
2021,8,,15,-41.6591,148.53752,"Stereo BRUV sampling of Freycinet  Australian Marine Park and nearby Trap reef and Governor Island Marine Reserve, Tasmania, Australia (2016 and 2021)"
2021,8,,27,-41.68234,148.4112,"Stereo BRUV sampling of Freycinet  Australian Marine Park and nearby Trap reef and Governor Island Marine Reserve, Tasmania, Australia (2016 and 2021)"
2021,8,,29,-41.89579,148.5104,"Stereo BRUV sampling of Freycinet  Australian Marine Park and nearby Trap reef and Governor Island Marine Reserve, Tasmania, Australia (2016 and 2021)"
2021,9,,4,-41.72818,148.49923,"Stereo BRUV sampling of Freycinet  Australian Marine Park and nearby Trap reef and Governor Island Marine Reserve, Tasmania, Australia (2016 and 2021)"
2021,8,,29,-41.89579,148.5104,"Stereo BRUV sampling of Freycinet  Australian Marine Park and nearby Trap reef and Governor Island Marine Reserve, Tasmania, Australia (2016 and 2021)"
2021,9,,3,-42.20502,148.48649,"Stereo BRUV sampling of Freycinet  Australian Marine Park and nearby Trap reef and Governor Island Marine Reserve, Tasmania, Australia (2016 and 2021)"
2021,8,,27,-41.68234,148.4112,"Stereo BRUV sampling of Freycinet  Australian Marine Park and nearby Trap reef and Governor Island Marine Reserve, Tasmania, Australia (2016 and 2021)"
2021,9,,9,-42.18998,148.54815,"Stereo BRUV sampling of Freycinet  Australian Marine Park and nearby Trap reef and Governor Island Marine Reserve, Tasmania, Australia (2016 and 2021)"
1991,2,Tasmania,,-40.405,144.967,Australian Institute of Marine Science - Bioresources Library
1989,1,South Australia,,-35.572,137.50301,Australian Institute of Marine Science - Bioresources Library
1979,7,,,-19.78,116.41,"Foreign vessel commercial trawl records from the North West Shelf, Australia (1979-1985)"
1979,7,,,-19.86,118.01,"Foreign vessel commercial trawl records from the North West Shelf, Australia (1979-1985)"
1979,8,,,-19.65,116.26,"Foreign vessel commercial trawl records from the North West Shelf, Australia (1979-1985)"
1979,8,,,-19.61,116.35,"Foreign vessel commercial trawl records from the North West Shelf, Australia (1979-1985)"
1979,7,,,-19.6,116.46,"Foreign vessel commercial trawl records from the North West Shelf, Australia (1979-1985)"
1979,7,,,-19.78,116.48,"Foreign vessel commercial trawl records from the North West Shelf, Australia (1979-1985)"
1979,8,,,-19.53,116.38,"Foreign vessel commercial trawl records from the North West Shelf, Australia (1979-1985)"
1979,8,,,-19.53,116.65,"Foreign vessel commercial trawl records from the North West Shelf, Australia (1979-1985)"
1979,7,,,-19.78,116.41,"Foreign vessel commercial trawl records from the North West Shelf, Australia (1979-1985)"
1979,7,,,-19.73,118.06,"Foreign vessel commercial trawl records from the North West Shelf, Australia (1979-1985)"
1979,8,,,-19.51,116.53,"Foreign vessel commercial trawl records from the North West Shelf, Australia (1979-1985)"
1979,7,,,-19.78,116.48,"Foreign vessel commercial trawl records from the North West Shelf, Australia (1979-1985)"
2023,3,Victoria,St Leonards Reef,-38.17019,144.72165,"Fish and invertebrate communities show greater day and night partitioning on tropical than temperate reefs from visual census surveys, Australia (2020-2023)"
2022,3,Tasmania,Waubs Bay Inner,-41.86969,148.30285,"Fish and invertebrate communities show greater day and night partitioning on tropical than temperate reefs from visual census surveys, Australia (2020-2023)"
2023,4,Tasmania,Primrose Sands,-42.89809,147.66899,"Fish and invertebrate communities show greater day and night partitioning on tropical than temperate reefs from visual census surveys, Australia (2020-2023)"
2023,11,Tasmania,Eddystone Point North,-40.98914,148.34775,"Fish and invertebrate communities show greater day and night partitioning on tropical than temperate reefs from visual census surveys, Australia (2020-2023)"
2022,2,Tasmania,Darlington North,-42.57658,148.06207,"Fish and invertebrate communities show greater day and night partitioning on tropical than temperate reefs from visual census surveys, Australia (2020-2023)"
2004,,Queensland,"Townsville, Queensland, Australia",-19.25,146.8,Santa Barbara Museum of Natural History - Invertebrate Zoology
2023,7,Tasmania,,-39.47778,148.5561,Australian Museum provider for OZCAM
1898,2,New South Wales,,-33.531113,151.55222,Australian Museum provider for OZCAM
2024,5,Tasmania,,-40.265835,148.71278,Australian Museum provider for OZCAM
2023,7,Tasmania,,-40.33,148.76334,Australian Museum provider for OZCAM
2012,8,New South Wales,,-35.048332,150.68333,Australian Museum provider for OZCAM
2024,5,Tasmania,,-40.327778,148.76584,Australian Museum provider for OZCAM
2023,7,Tasmania,,-39.47778,148.5561,Australian Museum provider for OZCAM
1909,,New South Wales,,-33.55,151.21666,Australian Museum provider for OZCAM
2023,7,Tasmania,,-40.33,148.76334,Australian Museum provider for OZCAM
1912,,New South Wales,,-33.85472,151.24667,Australian Museum provider for OZCAM
2023,7,Tasmania,,-39.482777,148.5775,Australian Museum provider for OZCAM
1983,8,New South Wales,,-33.8,151.28334,Australian Museum provider for OZCAM
1898,3,New South Wales,,-33.7,151.41667,Australian Museum provider for OZCAM
2024,5,New South Wales,,-35.949165,150.25389,Australian Museum provider for OZCAM
2024,5,Tasmania,,-40.265835,148.71278,Australian Museum provider for OZCAM
1983,10,New South Wales,,-33.801666,151.28334,Australian Museum provider for OZCAM
2015,12,,,-33.555557,130.68361,Australian Museum provider for OZCAM
1983,2,New South Wales,,-33.801666,151.29666,Australian Museum provider for OZCAM
2012,8,New South Wales,,-35.048332,150.68333,Australian Museum provider for OZCAM
2012,8,New South Wales,,-35.048332,150.68333,Australian Museum provider for OZCAM
1981,9,New South Wales,,-33.801666,151.29666,Australian Museum provider for OZCAM
1981,7,New South Wales,,-30.366667,153.41667,Australian Museum provider for OZCAM
1990,11,New South Wales,,-28.358334,153.65,Australian Museum provider for OZCAM
1928,4,New South Wales,,-33.983334,151.2,Australian Museum provider for OZCAM
2023,7,Tasmania,,-39.482777,148.5775,Australian Museum provider for OZCAM
1973,5,New South Wales,,-34.001945,150.26944,Australian Museum provider for OZCAM
2024,5,Tasmania,,-40.265835,148.71278,Australian Museum provider for OZCAM
1979,5,New South Wales,,-34.108334,151.225,Australian Museum provider for OZCAM
2023,7,Tasmania,,-40.105556,148.74777,Australian Museum provider for OZCAM
,,Victoria,,-38.47,145.02,Museums Victoria provider for OZCAM
1991,1,New South Wales,"Green Patch, Jervis Bay",-35.05,150.73,Museums Victoria provider for OZCAM
1990,10,New South Wales,"Hyams Beach, Jervis Bay",-35.1,150.7,Museums Victoria provider for OZCAM
1991,1,New South Wales,"Green Patch, Jervis Bay",-35.05,150.73,Museums Victoria provider for OZCAM
1982,7,,Between Wangami and Kapati Island,-41.0,175.0,Museums Victoria provider for OZCAM
,,Victoria,Westernport Bay,-38.53,145.35,Museums Victoria provider for OZCAM
1989,10,New South Wales,"Hyams Beach, Jervis Bay",-35.1,150.7,Museums Victoria provider for OZCAM
2008,1,Victoria,"Port Phillip Bay, Rye Pier",-38.38,144.83,Museums Victoria provider for OZCAM
1991,3,New South Wales,"Long Beach, Jervis Bay",-35.02,150.77,Museums Victoria provider for OZCAM
1989,10,New South Wales,"Green Patch, Jervis Bay",-35.05,150.73,Museums Victoria provider for OZCAM
1990,4,New South Wales,"Green Patch, Jervis Bay",-35.05,150.73,Museums Victoria provider for OZCAM
1989,10,New South Wales,"Hyams Beach, Jervis Bay",-35.1,150.7,Museums Victoria provider for OZCAM
2005,1,Victoria,"Port Phillip Bay, St Leonards Jetty",-38.1703,144.72,Museums Victoria provider for OZCAM
1989,10,New South Wales,"Collingwood Beach, Jervis Bay",-35.07,150.67,Museums Victoria provider for OZCAM
1989,1,New South Wales,"Collingwood Beach, Jervis Bay",-35.07,150.67,Museums Victoria provider for OZCAM
1980,11,Tasmania,"Central Bass Strait, 20 km NNE of North Point",-40.53,145.38,Museums Victoria provider for OZCAM
1966,7,,Mar del plata,-45.48,-66.87,Museums Victoria provider for OZCAM
1989,10,New South Wales,"Green Patch, Jervis Bay",-35.05,150.73,Museums Victoria provider for OZCAM
1983,3,Victoria,"Portarlington, Steele Rock (lat./ long. for Portarlington)",-38.1,144.65,Museums Victoria provider for OZCAM
1990,4,New South Wales,"Green Patch, Jervis Bay",-35.05,150.73,Museums Victoria provider for OZCAM
1968,12,Victoria,Flinders,-38.48,145.03,Museums Victoria provider for OZCAM
1980,11,Tasmania,"Central Bass Strait, 35 km E of Cape Farewell, King Island,",-39.5467,144.35,Museums Victoria provider for OZCAM
1996,7,New South Wales,Wallaga Lake,-36.35,150.05,Museums Victoria provider for OZCAM
1981,4,South Australia,,-34.0,137.17,Museums Victoria provider for OZCAM
1990,1,New South Wales,"Hyams Beach, Jervis Bay",-35.1,150.7,Museums Victoria provider for OZCAM
1973,10,Victoria,Shoreham,-38.43,145.05,Museums Victoria provider for OZCAM
,,Victoria,Corio bay,-38.12,144.48,Museums Victoria provider for OZCAM
1957,9,Victoria,Portsea,-38.32,144.72,Museums Victoria provider for OZCAM
2005,1,Victoria,"Port Phillip Bay, St Leonards Jetty",-38.1703,144.72,Museums Victoria provider for OZCAM
2008,1,Victoria,"Wilsons Promontory, Refuge Cove",-39.03,146.45,Museums Victoria provider for OZCAM
1982,11,Victoria,San Remo Channel,-38.53,145.35,Museums Victoria provider for OZCAM
1974,3,Victoria,"Crib Point, Western Port",-38.35,145.22,Museums Victoria provider for OZCAM
1989,7,New South Wales,"Green Patch, Jervis Bay",-35.05,150.73,Museums Victoria provider for OZCAM
,,Victoria,Geelong,-38.13,144.37,Museums Victoria provider for OZCAM
1971,11,Victoria,Merricks Beach,-38.4,145.12,Museums Victoria provider for OZCAM
1989,1,New South Wales,"Long Beach, Jervis Bay",-35.02,150.77,Museums Victoria provider for OZCAM
1985,2,Victoria,"Stn. 1, Off St Leonards",-38.15,144.759,Museums Victoria provider for OZCAM
1981,2,Tasmania,"Central Bass Strait, 20 km ENE of Bold Head, King Island",-40.0,144.348,Museums Victoria provider for OZCAM
1996,7,New South Wales,Wallaga Lake,-36.35,150.05,Museums Victoria provider for OZCAM
1980,11,Tasmania,"Central Bass Strait, 23 km E of Cape Rochon, Three Hummock Island",-40.37,145.283,Museums Victoria provider for OZCAM
1991,1,New South Wales,"Long Beach, Jervis Bay",-35.02,150.77,Museums Victoria provider for OZCAM
1988,10,New South Wales,"Long Beach, Jervis Bay",-35.02,150.77,Museums Victoria provider for OZCAM
1982,7,,Between Wanganui and Kapiti Islands,-41.0,175.0,Museums Victoria provider for OZCAM
1933,8,Victoria,"Port Phillip Bay, Altona Pier",-37.87,144.82,Museums Victoria provider for OZCAM
1991,1,New South Wales,"Long Beach, Jervis Bay",-35.02,150.77,Museums Victoria provider for OZCAM
1988,10,New South Wales,"Long Beach, Jervis Bay",-35.02,150.77,Museums Victoria provider for OZCAM
1990,10,New South Wales,"Green Patch, Jervis Bay",-35.05,150.73,Museums Victoria provider for OZCAM
1990,8,New South Wales,"Green Patch, Jervis Bay",-35.05,150.73,Museums Victoria provider for OZCAM
1980,11,Tasmania,"Central Bass Strait, 8 km SE of Cape Adansan, Three Hummock Island",-40.5183,145.067,Museums Victoria provider for OZCAM
1960,3,Victoria,Balnarring,-38.4,145.15,Museums Victoria provider for OZCAM
1991,1,New South Wales,Hare Bay,-35.02,150.77,Museums Victoria provider for OZCAM
1990,8,New South Wales,"Green Patch, Jervis Bay",-35.05,150.73,Museums Victoria provider for OZCAM
1981,7,Western Australia,Great Australian Bight,-33.58,124.8,Museums Victoria provider for OZCAM
1989,4,New South Wales,"Long Beach, Jervis Bay",-35.02,150.77,Museums Victoria provider for OZCAM
1991,1,New South Wales,Long Beach,-36.97,149.93,Museums Victoria provider for OZCAM
1998,5,Western Australia,"Coombes Reserve, Mosman Bay, Swan River inlet, Perth",-32.0079,115.773,Museums Victoria provider for OZCAM
1990,10,New South Wales,"Green Patch, Jervis Bay",-35.05,150.73,Museums Victoria provider for OZCAM
2016,11,Victoria,"Gabo Island Harbour, near jetty",-37.558,149.908,Museums Victoria provider for OZCAM
1981,2,Tasmania,"Central Bass Strait, 60 km ENE of Bold Head, King Island",-39.9402,144.801,Museums Victoria provider for OZCAM
2007,4,Western Australia,Rockingham Grain Jetty,-32.2556,115.748,Museums Victoria provider for OZCAM
1982,2,Victoria,"Wilsons Promontory, Refuge Cove, south headland",-39.04,146.465,Museums Victoria provider for OZCAM
1959,11,Victoria,off Port Albert,-38.78,146.75,Museums Victoria provider for OZCAM
1981,2,Victoria,"Central Bass Strait, 64 km SSW of Cape Schanck",-39.0133,144.578,Museums Victoria provider for OZCAM
1986,11,Victoria,"Western Port, Philip Island, 1km W of Cowes",-38.47,145.17,Museums Victoria provider for OZCAM
2007,4,Western Australia,"Town jetty, Albany",-35.0,117.87,Museums Victoria provider for OZCAM
,,Victoria,"Limeburners Point, Geelong",-38.13,144.38,Museums Victoria provider for OZCAM
1991,8,New South Wales,Jibbon Beach,-34.07,151.15,Museums Victoria provider for OZCAM
1994,5,South Australia,"Encounter Bay, off Murray River mouth",-36.0402,138.516,Museums Victoria provider for OZCAM
1967,4,Victoria,Shoreham,-38.43,145.05,Museums Victoria provider for OZCAM
1982,2,Victoria,"Wilsons Promontory, Five Mile Beach",-38.95,146.45,Museums Victoria provider for OZCAM
1974,6,Victoria,"Western Port, Crib Point",-38.35,145.22,Museums Victoria provider for OZCAM
1990,4,New South Wales,"Long Beach, Jervis Bay",-35.02,150.77,Museums Victoria provider for OZCAM
,,Victoria,Port Phillip Heads,-38.3,144.63,Museums Victoria provider for OZCAM
1969,3,Victoria,Bluff Point to Stockyard Point,-38.32,145.52,Museums Victoria provider for OZCAM
1990,1,New South Wales,"Collingwood Beach, Jervis Bay",-35.07,150.67,Museums Victoria provider for OZCAM
1985,11,South Australia,Edithburgh jetty,-35.08,137.75,Museums Victoria provider for OZCAM
1960,3,Victoria,Portsea Pier,-38.32,144.72,Museums Victoria provider for OZCAM
2007,4,Western Australia,"Town jetty, Albany",-35.0,117.87,Museums Victoria provider for OZCAM
1979,9,South Australia,"Stansbury, western side of Gulf St Vincent",-34.92,137.8,Museums Victoria provider for OZCAM
1986,11,Queensland,Lizard Island,-14.67,145.47,Museums Victoria provider for OZCAM
,,Victoria,Balnarring,-38.4,145.13,Museums Victoria provider for OZCAM
1990,8,New South Wales,"Green Patch, Jervis Bay",-35.05,150.73,Museums Victoria provider for OZCAM
1989,1,New South Wales,"Callala, Jervis Bay",-35.03,150.67,Museums Victoria provider for OZCAM
1981,11,Queensland,North Stradbroke Island,-27.58,153.45,Museums Victoria provider for OZCAM
1996,7,New South Wales,Wallaga Lake,-36.35,150.05,Museums Victoria provider for OZCAM
1997,5,South Australia,"Moonta Jetty, Spencer Gulf",-34.075,137.543,Museums Victoria provider for OZCAM
,,Victoria,Altona,-37.87,144.82,Museums Victoria provider for OZCAM
1981,7,Western Australia,Great Australian Bight,-33.58,124.8,Museums Victoria provider for OZCAM
1967,5,Victoria,Western Port Bay,-38.37,145.53,Museums Victoria provider for OZCAM
1987,2,Victoria,"Western Port, off Shoreham",-38.445,145.062,Museums Victoria provider for OZCAM
1990,9,New South Wales,Jibbon Beach,-34.07,151.15,Museums Victoria provider for OZCAM
1990,1,New South Wales,Hare Bay,-35.02,150.77,Museums Victoria provider for OZCAM
1990,1,New South Wales,"Long Beach, Jervis Bay",-35.02,150.77,Museums Victoria provider for OZCAM
1981,2,Victoria,"Walkerville, Waratah Bay",-38.87,145.98,Museums Victoria provider for OZCAM
1986,9,Tasmania,off Flinders Island,-40.1917,148.465,Museums Victoria provider for OZCAM
1996,7,New South Wales,Wallaga Lake,-36.35,150.05,Museums Victoria provider for OZCAM
1996,7,New South Wales,Wallaga Lake,-36.35,150.05,Museums Victoria provider for OZCAM
2008,1,Victoria,"Port Phillip Bay, St Leonards Jetty",-38.1703,144.72,Museums Victoria provider for OZCAM
2009,1,Victoria,"Port Phillip Bay, Rye Pier",-38.38,144.83,Museums Victoria provider for OZCAM
,,Queensland,Moreton Bay,-27.466667,153.016667,Queensland Museum provider for OZCAM
,,Queensland,Moreton Bay,-27.466667,153.016667,Queensland Museum provider for OZCAM
,,Queensland,Townsville,-19.2652526,146.8175043,Queensland Museum provider for OZCAM
1960,3,Queensland,Moreton Bay,-27.466667,153.016667,Queensland Museum provider for OZCAM
,,Queensland,Moreton Bay,-27.466667,153.016667,Queensland Museum provider for OZCAM
,,New South Wales,Sydney,-33.866667,151.2,Queensland Museum provider for OZCAM
,,Queensland,Moreton Bay,-27.466667,153.016667,Queensland Museum provider for OZCAM
1969,12,Tasmania,Three Hummock Island,-40.43332,144.88333,Queen Victoria Museum Art Gallery provider for OZCAM
1972,,Tasmania,Kelso,-41.1,146.78333,Queen Victoria Museum Art Gallery provider for OZCAM
,,Western Australia,Denham,-25.92,113.53,South Australian Museum Adelaide provider for OZCAM
,,Western Australia,Denham,-25.92,113.53,South Australian Museum Adelaide provider for OZCAM
,,South Australia,Franklin Island,-32.45,133.67,South Australian Museum Adelaide provider for OZCAM
,,Western Australia,Denham,-25.92,113.53,South Australian Museum Adelaide provider for OZCAM
,,Western Australia,Denham,-25.92,113.53,South Australian Museum Adelaide provider for OZCAM
,,Western Australia,Denham,-25.92,113.53,South Australian Museum Adelaide provider for OZCAM
,,Western Australia,Denham,-25.92,113.53,South Australian Museum Adelaide provider for OZCAM
,,Western Australia,Denham,-25.92,113.53,South Australian Museum Adelaide provider for OZCAM
,,Western Australia,Denham,-25.92,113.53,South Australian Museum Adelaide provider for OZCAM
,,Western Australia,Denham,-25.92,113.53,South Australian Museum Adelaide provider for OZCAM
,,South Australia,Pearson Island,-35.97,134.28,South Australian Museum Adelaide provider for OZCAM
,,South Australia,Pearson Island,-35.97,134.28,South Australian Museum Adelaide provider for OZCAM
,,Western Australia,Denham,-25.92,113.53,South Australian Museum Adelaide provider for OZCAM
,,Western Australia,Denham,-25.92,113.53,South Australian Museum Adelaide provider for OZCAM
,,South Australia,Pearson Island,-35.97,134.28,South Australian Museum Adelaide provider for OZCAM
,,Western Australia,Denham,-25.92,113.53,South Australian Museum Adelaide provider for OZCAM
,,Western Australia,Denham,-25.92,113.53,South Australian Museum Adelaide provider for OZCAM
,,Western Australia,Denham,-25.92,113.53,South Australian Museum Adelaide provider for OZCAM
,,South Australia,Pearson Island,-35.97,134.28,South Australian Museum Adelaide provider for OZCAM
,,Western Australia,Denham,-25.92,113.53,South Australian Museum Adelaide provider for OZCAM
,,Western Australia,Denham,-25.92,113.53,South Australian Museum Adelaide provider for OZCAM
,,South Australia,"Emu Bay, Kangaroo Island",-35.58,137.52,South Australian Museum Adelaide provider for OZCAM
,,South Australia,Pearson Island,-35.97,134.28,South Australian Museum Adelaide provider for OZCAM
,,South Australia,"Emu Bay, Kangaroo Island",-35.58,137.52,South Australian Museum Adelaide provider for OZCAM
,,South Australia,"Emu Bay, Kangaroo Island",-35.58,137.52,South Australian Museum Adelaide provider for OZCAM
,,South Australia,St Francis Island,-32.5,133.28,South Australian Museum Adelaide provider for OZCAM
,,South Australia,Pearson Island,-35.97,134.28,South Australian Museum Adelaide provider for OZCAM
,,South Australia,"Emu Bay, Kangaroo Island",-35.58,137.52,South Australian Museum Adelaide provider for OZCAM
,,South Australia,Pearson Island,-35.97,134.28,South Australian Museum Adelaide provider for OZCAM
,,South Australia,Goat Is,-32.3,133.52,South Australian Museum Adelaide provider for OZCAM
,,Western Australia,Denham,-25.92,113.53,South Australian Museum Adelaide provider for OZCAM
,,South Australia,Pearson Island,-35.97,134.28,South Australian Museum Adelaide provider for OZCAM
,,Western Australia,Denham,-25.92,113.53,South Australian Museum Adelaide provider for OZCAM
,,Western Australia,Denham,-25.92,113.53,South Australian Museum Adelaide provider for OZCAM
,,South Australia,"Emu Bay, Kangaroo Island",-35.58,137.52,South Australian Museum Adelaide provider for OZCAM
,,South Australia,Largs Bay,-34.82,138.49,South Australian Museum Adelaide provider for OZCAM
,,South Australia,Masillon Is,-32.57,133.28,South Australian Museum Adelaide provider for OZCAM
,,South Australia,"Emu Bay, Kangaroo Island",-35.58,137.52,South Australian Museum Adelaide provider for OZCAM
,,South Australia,"Emu Bay, Kangaroo Island",-35.58,137.52,South Australian Museum Adelaide provider for OZCAM
,,South Australia,Pearson Island,-35.97,134.28,South Australian Museum Adelaide provider for OZCAM
,,South Australia,"Vivonne Bay, Kangaroo Island",-35.98,137.17,South Australian Museum Adelaide provider for OZCAM
,,South Australia,"Emu Bay, Kangaroo Island",-35.58,137.52,South Australian Museum Adelaide provider for OZCAM
,,South Australia,"Emu Bay, Kangaroo Island",-35.58,137.52,South Australian Museum Adelaide provider for OZCAM
,,Western Australia,Denham,-25.92,113.53,South Australian Museum Adelaide provider for OZCAM
,,South Australia,Pearson Island,-35.97,134.28,South Australian Museum Adelaide provider for OZCAM
,,South Australia,Pearson Island,-35.97,134.28,South Australian Museum Adelaide provider for OZCAM
,,South Australia,Second Valley,-35.52,138.22,South Australian Museum Adelaide provider for OZCAM
,,South Australia,"Emu Bay, Kangaroo Island",-35.58,137.52,South Australian Museum Adelaide provider for OZCAM
,,South Australia,Second Valley,-35.52,138.22,South Australian Museum Adelaide provider for OZCAM
,,South Australia,"Vivonne Bay, Kangaroo Island",-35.98,137.17,South Australian Museum Adelaide provider for OZCAM
,,Western Australia,Denham,-25.92,113.53,South Australian Museum Adelaide provider for OZCAM
,,South Australia,Pearson Island,-35.97,134.28,South Australian Museum Adelaide provider for OZCAM
,,South Australia,"Emu Bay, Kangaroo Island",-35.58,137.52,South Australian Museum Adelaide provider for OZCAM
,,South Australia,Pearson Island,-35.97,134.28,South Australian Museum Adelaide provider for OZCAM
,,South Australia,Pearson Island,-35.97,134.28,South Australian Museum Adelaide provider for OZCAM
,,South Australia,"Emu Bay, Kangaroo Island",-35.58,137.52,South Australian Museum Adelaide provider for OZCAM
,,South Australia,Masillon Is,-32.57,133.28,South Australian Museum Adelaide provider for OZCAM
,,South Australia,"Emu Bay, Kangaroo Island",-35.58,137.52,South Australian Museum Adelaide provider for OZCAM
,,Western Australia,Denham,-25.92,113.53,South Australian Museum Adelaide provider for OZCAM
,,South Australia,"Vivonne Bay, Kangaroo Island",-35.98,137.17,South Australian Museum Adelaide provider for OZCAM
,,Western Australia,Denham,-25.92,113.53,South Australian Museum Adelaide provider for OZCAM
,,South Australia,"Emu Bay, Kangaroo Island",-35.58,137.52,South Australian Museum Adelaide provider for OZCAM
,,South Australia,Masillon Is,-32.57,133.28,South Australian Museum Adelaide provider for OZCAM
,,South Australia,"Emu Bay, Kangaroo Island",-35.58,137.52,South Australian Museum Adelaide provider for OZCAM
,,South Australia,Masillon Is,-32.57,133.28,South Australian Museum Adelaide provider for OZCAM
,,South Australia,Masillon Is,-32.57,133.28,South Australian Museum Adelaide provider for OZCAM
,,Western Australia,Denham,-25.92,113.53,South Australian Museum Adelaide provider for OZCAM
,,South Australia,Pearson Island,-35.97,134.28,South Australian Museum Adelaide provider for OZCAM
,,South Australia,Pearson Island,-35.97,134.28,South Australian Museum Adelaide provider for OZCAM
,,South Australia,"Emu Bay, Kangaroo Island",-35.58,137.52,South Australian Museum Adelaide provider for OZCAM
,,South Australia,"Emu Bay, Kangaroo Island",-35.58,137.52,South Australian Museum Adelaide provider for OZCAM
,,South Australia,"Vivonne Bay, Kangaroo Island",-35.98,137.17,South Australian Museum Adelaide provider for OZCAM
2010,11,South Australia,Spencer Gulf,-33.3103,137.5125,South Australian Museum Adelaide provider for OZCAM
,,South Australia,"Vivonne Bay, Kangaroo Island",-35.98,137.17,South Australian Museum Adelaide provider for OZCAM
,,South Australia,Second Valley,-35.52,138.22,South Australian Museum Adelaide provider for OZCAM
,,South Australia,"Emu Bay, Kangaroo Island",-35.58,137.52,South Australian Museum Adelaide provider for OZCAM
,,South Australia,Masillon Is,-32.57,133.28,South Australian Museum Adelaide provider for OZCAM
,,South Australia,"Vivonne Bay, Kangaroo Island",-35.98,137.17,South Australian Museum Adelaide provider for OZCAM
,,Western Australia,Denham,-25.92,113.53,South Australian Museum Adelaide provider for OZCAM
,,South Australia,"Emu Bay, Kangaroo Island",-35.58,137.52,South Australian Museum Adelaide provider for OZCAM
,,South Australia,Pearson Island,-35.97,134.28,South Australian Museum Adelaide provider for OZCAM
,,South Australia,"Emu Bay, Kangaroo Island",-35.58,137.52,South Australian Museum Adelaide provider for OZCAM
,,Western Australia,Denham,-25.92,113.53,South Australian Museum Adelaide provider for OZCAM
,,Western Australia,Denham,-25.92,113.53,South Australian Museum Adelaide provider for OZCAM
,,Western Australia,Denham,-25.92,113.53,South Australian Museum Adelaide provider for OZCAM
,,Western Australia,Denham,-25.92,113.53,South Australian Museum Adelaide provider for OZCAM
,,South Australia,Pearson Island,-35.97,134.28,South Australian Museum Adelaide provider for OZCAM
,,South Australia,"Emu Bay, Kangaroo Island",-35.58,137.52,South Australian Museum Adelaide provider for OZCAM
,,Western Australia,Denham,-25.92,113.53,South Australian Museum Adelaide provider for OZCAM
,,Western Australia,Denham,-25.92,113.53,South Australian Museum Adelaide provider for OZCAM
,,South Australia,Masillon Is,-32.57,133.28,South Australian Museum Adelaide provider for OZCAM
,,Western Australia,Denham,-25.92,113.53,South Australian Museum Adelaide provider for OZCAM
,,South Australia,"Vivonne Bay, Kangaroo Island",-35.98,137.17,South Australian Museum Adelaide provider for OZCAM
,,South Australia,St Francis Island,-32.5,133.28,South Australian Museum Adelaide provider for OZCAM
,,South Australia,Pearson Island,-35.97,134.28,South Australian Museum Adelaide provider for OZCAM
,,South Australia,"Emu Bay, Kangaroo Island",-35.58,137.52,South Australian Museum Adelaide provider for OZCAM
,,South Australia,Pearson Island,-35.97,134.28,South Australian Museum Adelaide provider for OZCAM
,,South Australia,St Francis Island,-32.5,133.28,South Australian Museum Adelaide provider for OZCAM
,,South Australia,Pearson Island,-35.97,134.28,South Australian Museum Adelaide provider for OZCAM
,,South Australia,Pearson Island,-35.97,134.28,South Australian Museum Adelaide provider for OZCAM
,,South Australia,Pearson Island,-35.97,134.28,South Australian Museum Adelaide provider for OZCAM
,,South Australia,Pearson Island,-35.97,134.28,South Australian Museum Adelaide provider for OZCAM
,,South Australia,"Vivonne Bay, Kangaroo Island",-35.98,137.17,South Australian Museum Adelaide provider for OZCAM
,,South Australia,Pearson Island,-35.97,134.28,South Australian Museum Adelaide provider for OZCAM
,,South Australia,Pearson Island,-35.97,134.28,South Australian Museum Adelaide provider for OZCAM
,,Western Australia,Denham,-25.92,113.53,South Australian Museum Adelaide provider for OZCAM
,,South Australia,"Vivonne Bay, Kangaroo Island",-35.98,137.17,South Australian Museum Adelaide provider for OZCAM
,,South Australia,"Emu Bay, Kangaroo Island",-35.58,137.52,South Australian Museum Adelaide provider for OZCAM
,,Western Australia,Denham,-25.92,113.53,South Australian Museum Adelaide provider for OZCAM
,,South Australia,Glenelg,-34.9803,138.5135,South Australian Museum Adelaide provider for OZCAM
,,Western Australia,Denham,-25.92,113.53,South Australian Museum Adelaide provider for OZCAM
,,South Australia,"Emu Bay, Kangaroo Island",-35.58,137.52,South Australian Museum Adelaide provider for OZCAM
,,Western Australia,Denham,-25.92,113.53,South Australian Museum Adelaide provider for OZCAM
,,Western Australia,Denham,-25.92,113.53,South Australian Museum Adelaide provider for OZCAM
,,South Australia,"Emu Bay, Kangaroo Island",-35.58,137.52,South Australian Museum Adelaide provider for OZCAM
,,South Australia,Pearson Island,-35.97,134.28,South Australian Museum Adelaide provider for OZCAM
,,South Australia,"Emu Bay, Kangaroo Island",-35.58,137.52,South Australian Museum Adelaide provider for OZCAM
,,South Australia,Pearson Island,-35.97,134.28,South Australian Museum Adelaide provider for OZCAM
,,Western Australia,Denham,-25.92,113.53,South Australian Museum Adelaide provider for OZCAM
,,Western Australia,Denham,-25.92,113.53,South Australian Museum Adelaide provider for OZCAM
,,Western Australia,Denham,-25.92,113.53,South Australian Museum Adelaide provider for OZCAM
,,South Australia,Pearson Island,-35.97,134.28,South Australian Museum Adelaide provider for OZCAM
,,South Australia,Pearson Island,-35.97,134.28,South Australian Museum Adelaide provider for OZCAM
1984,7,North Island,Rangaunu Bay,-34.8417,173.178,Mollusc collection at Museum of New Zealand Te Papa Tongarewa (M.)
1960,12,North Island,"Eastbourne, Wellington Harbour",-41.28,174.9,Mollusc collection at Museum of New Zealand Te Papa Tongarewa (M.)
1957,4,North Island,"powerhouse, Evans Bay, Wellington",-41.3167,174.8,Mollusc collection at Museum of New Zealand Te Papa Tongarewa (M.)
1952,11,North Island,"Ngauranga, Wellington",-41.2417,174.825,Mollusc collection at Museum of New Zealand Te Papa Tongarewa (M.)
1962,,North Island,"Tryphena, Great Barrier Island",-36.3067,175.483,Mollusc collection at Museum of New Zealand Te Papa Tongarewa (M.)
1953,7,North Island,Cavalli Islands,-34.98,173.97,Mollusc collection at Museum of New Zealand Te Papa Tongarewa (M.)
1953,12,North Island,Cavalli Islands,-34.98,173.97,Mollusc collection at Museum of New Zealand Te Papa Tongarewa (M.)
1991,3,New South Wales,Jervis Bay: Collingwood Beach,-35.061,150.674,Tasmanian Museum and Art Gallery provider for OZCAM
1990,12,Tasmania,Lauderdale: Roches Beach,-43.5185,147.8253,Tasmanian Museum and Art Gallery provider for OZCAM
2002,6,Tasmania,Lauderdale: Seven Mile Beach,-42.847,147.531,Tasmanian Museum and Art Gallery provider for OZCAM
1971,12,Tasmania,Eastern Bass Strait: Baynes Island: offshore,-40.771,147.938,Tasmanian Museum and Art Gallery provider for OZCAM
1991,8,New South Wales,Port Hacking: Jibbon Beach,-34.0814,151.164,Tasmanian Museum and Art Gallery provider for OZCAM
1995,9,Tasmania,Maria Island: Darlington Bay,-42.5819,148.0604,Tasmanian Museum and Art Gallery provider for OZCAM
2024,5,Tasmania,Tasman Sea: 48 km ESE of Clarke Island_stn IN2024_V03_045,-40.6802,148.7394,Tasmanian Museum and Art Gallery provider for OZCAM
2024,5,Tasmania,Tasman Sea: 11 km NE of Binalong Bay_stn IN2024_V03_034,-41.2277,148.4399,Tasmanian Museum and Art Gallery provider for OZCAM
1989,4,New South Wales,Jervis Bay: Long Beach,-35.032,150.785,Tasmanian Museum and Art Gallery provider for OZCAM
2001,11,Tasmania,Police Point,-43.2579,147.0679,Tasmanian Museum and Art Gallery provider for OZCAM
1990,4,New South Wales,Jervis Bay: Hare Bay,-35.015,150.767,Tasmanian Museum and Art Gallery provider for OZCAM
2001,11,Tasmania,Police Point,-43.2579,147.0679,Tasmanian Museum and Art Gallery provider for OZCAM
1962,4,Tasmania,Maria Island (unlocalised),-42.58,148.06,Tasmanian Museum and Art Gallery provider for OZCAM
2024,5,Tasmania,Tasman Sea: 10.5 km NE of Bicheno_stn IN2024_V03_014,-41.8596,148.4349,Tasmanian Museum and Art Gallery provider for OZCAM
1997,4,Tasmania,Flinders Island: Palana Beach,-39.761,147.881,Tasmanian Museum and Art Gallery provider for OZCAM
2003,10,Tasmania,Huon Estuary: Deep Bay,-43.211,147.112,Tasmanian Museum and Art Gallery provider for OZCAM
1954,12,Tasmania,Flinders Island: Lady Barron: Fisher Island,-40.2168942,148.2358849,Tasmanian Museum and Art Gallery provider for OZCAM
2024,12,Tasmania,Port Latta: Brickmakers Beach,-40.8519,145.3667,Tasmanian Museum and Art Gallery provider for OZCAM
2004,11,Tasmania,Maria Island: Darlington Bay,-42.5819,148.0604,Tasmanian Museum and Art Gallery provider for OZCAM
2004,11,Tasmania,Maria Island: Darlington Bay,-42.5819,148.0604,Tasmanian Museum and Art Gallery provider for OZCAM
2023,7,New South Wales,Tasman Sea: 7 km South of Green Cape_stn IN2023_V05_078,-37.323,150.059,Tasmanian Museum and Art Gallery provider for OZCAM
2004,11,Tasmania,Maria Island: Darlington Bay,-42.5819,148.0604,Tasmanian Museum and Art Gallery provider for OZCAM
1992,1,Tasmania,Lauderdale: Seven Mile Beach,-42.847,147.531,Tasmanian Museum and Art Gallery provider for OZCAM
2012,2,Tasmania,D'Entrecasteaux Channel: Green Island: offshore,-43.198,147.289,Tasmanian Museum and Art Gallery provider for OZCAM
1991,3,New South Wales,Jervis Bay: Hare Bay,-35.015,150.767,Tasmanian Museum and Art Gallery provider for OZCAM
2014,2,Tasmania,Derwent Estuary (unlocalised),-43.0319183,147.3677413,Tasmanian Museum and Art Gallery provider for OZCAM
1971,8,Tasmania,Flinders Island: North East River: mouth,-39.731,147.958,Tasmanian Museum and Art Gallery provider for OZCAM
2007,,Western Australia,,-28.819,113.9078,Western Australian Museum provider for OZCAM
1970,,Western Australia,,-32.2666,115.7333,Western Australian Museum provider for OZCAM
1978,,Western Australia,,-32.1666,115.7333,Western Australian Museum provider for OZCAM
2007,,Western Australia,,-28.819,113.9078,Western Australian Museum provider for OZCAM
1959,,Western Australia,,-25.7666,113.7167,Western Australian Museum provider for OZCAM
1915,,Western Australia,,-32.2166,115.6583,Western Australian Museum provider for OZCAM
2007,,Western Australia,,-28.819,113.9078,Western Australian Museum provider for OZCAM
2007,,Western Australia,,-34.0809,123.2709,Western Australian Museum provider for OZCAM
2007,,,,-34.264,119.6515,Western Australian Museum provider for OZCAM
2007,,,,-30.3306,114.904,Western Australian Museum provider for OZCAM
1981,,Western Australia,,-35.05,117.8833,Western Australian Museum provider for OZCAM
1976,,Western Australia,,-33.6333,115.34,Western Australian Museum provider for OZCAM
2007,,Western Australia,,-28.73,114.0073,Western Australian Museum provider for OZCAM
1960,,Western Australia,,-32.0,115.55,Western Australian Museum provider for OZCAM
2007,,Western Australia,,-32.0465,115.4925,Western Australian Museum provider for OZCAM
2007,,,,-30.3443,114.8887,Western Australian Museum provider for OZCAM
2007,,,,-30.3418,114.9055,Western Australian Museum provider for OZCAM
2007,,Western Australia,,-32.0448,115.5005,Western Australian Museum provider for OZCAM
,,Western Australia,,-20.6333,116.6667,Western Australian Museum provider for OZCAM
1974,,Western Australia,,-34.2833,115.1667,Western Australian Museum provider for OZCAM
1972,,Western Australia,,-32.1666,115.7333,Western Australian Museum provider for OZCAM
1957,,Western Australia,,-32.1666,115.7333,Western Australian Museum provider for OZCAM
2007,,Western Australia,,-33.5636,114.979,Western Australian Museum provider for OZCAM
1960,,Western Australia,,-33.6,115.1333,Western Australian Museum provider for OZCAM
2017,1,Queensland,"Tinnanbar QLD 4650, Australia",-25.757605,152.957228,ALA species sightings and OzAtlas
2013,2,South Australia,"LOT 196 Swaffers Road, Lipson SA 5607, Australia",-34.24239,136.269028,ALA species sightings and OzAtlas
,,Queensland,,-25.755064,152.956116,ALA species sightings and OzAtlas
2014,3,South Australia,"Normanville, SA",-35.444729,138.306946,ALA species sightings and OzAtlas
2017,1,South Australia,"6 Chatfield Terrace, Wallaroo SA 5556, Australia",-33.926554,137.618179,ALA species sightings and OzAtlas
2016,1,South Australia,,-35.72886,138.01219,SA Fauna
2015,12,South Australia,,-35.55385,138.12799,SA Fauna
2015,3,South Australia,,-32.47564,133.33662,SA Fauna
2016,4,South Australia,The Pages (CP),-35.7276,138.3124,SA Fauna
2015,3,South Australia,,-32.55222,133.291,SA Fauna
2015,3,South Australia,,-32.47564,133.33662,SA Fauna
2016,5,South Australia,,-35.66271,137.63105,SA Fauna
2016,5,South Australia,,-35.67469,137.62022,SA Fauna
2015,3,South Australia,,-32.37308,133.48834,SA Fauna
2016,4,South Australia,,-35.70922,138.31073,SA Fauna
2015,12,South Australia,,-35.38908,138.34494,SA Fauna
2016,5,South Australia,,-35.67469,137.62022,SA Fauna
2015,12,South Australia,,-35.53754,138.13624,SA Fauna
2015,12,South Australia,,-35.56837,138.11746,SA Fauna
2016,1,South Australia,,-35.72886,138.01219,SA Fauna
2015,12,South Australia,,-35.55385,138.12799,SA Fauna
2015,12,South Australia,,-35.51862,138.16318,SA Fauna
2016,5,South Australia,,-35.68159,137.61312,SA Fauna
2016,1,South Australia,,-35.72886,138.01219,SA Fauna
1996,12,South Australia,,-34.8476,138.4475,SA Fauna
2016,5,South Australia,,-35.68556,137.61239,SA Fauna
2016,4,South Australia,The Pages (CP),-35.75887,138.3065,SA Fauna
2016,1,South Australia,,-35.71589,137.93613,SA Fauna
2015,12,South Australia,,-35.55385,138.12799,SA Fauna
2016,1,South Australia,,-35.71589,137.93613,SA Fauna
2015,11,South Australia,,-35.32045,136.90923,SA Fauna
2016,5,South Australia,,-35.68556,137.61239,SA Fauna
2016,5,South Australia,,-35.66271,137.63105,SA Fauna
2016,4,South Australia,,-35.70922,138.31073,SA Fauna
2015,12,South Australia,,-35.33864,138.42476,SA Fauna
2015,12,South Australia,,-35.38908,138.34494,SA Fauna
2015,12,South Australia,,-35.55385,138.12799,SA Fauna
2015,3,South Australia,,-32.49106,133.30471,SA Fauna
2015,12,South Australia,,-35.33864,138.42476,SA Fauna
2015,12,South Australia,,-35.41193,138.32295,SA Fauna
2015,3,South Australia,,-32.55222,133.291,SA Fauna
2015,12,South Australia,,-35.41193,138.32295,SA Fauna
2015,3,South Australia,,-32.49106,133.30471,SA Fauna
2016,4,South Australia,The Pages (CP),-35.75887,138.3065,SA Fauna
2015,12,South Australia,,-35.52151,138.16096,SA Fauna
2016,1,South Australia,,-35.71584,137.93798,SA Fauna
2015,12,South Australia,,-35.55385,138.12799,SA Fauna
2016,5,South Australia,,-35.68159,137.61312,SA Fauna
1993,8,New South Wales,,-37.37083,149.97334,"CSIRO, South East Fishery Habitat Ecosystem Study, Southeast Australia, 1993-1997"
1996,5,,Aimed,-37.31,150.095,"CSIRO, South East Fishery Habitat Ecosystem Study, Southeast Australia, 1993-1997"
1996,11,New South Wales,Survey,-36.37416,150.11584,"CSIRO, South East Fishery Habitat Ecosystem Study, Southeast Australia, 1993-1997"
1994,9,,,-36.375,150.16584,"CSIRO, South East Fishery Habitat Ecosystem Study, Southeast Australia, 1993-1997"
1993,7,,,-38.94,149.49667,"CSIRO, South East Fishery Habitat Ecosystem Study, Southeast Australia, 1993-1997"
1996,5,,Aimed,-37.38,150.045,"CSIRO, South East Fishery Habitat Ecosystem Study, Southeast Australia, 1993-1997"
1993,8,New South Wales,,-36.38167,150.13417,"CSIRO, South East Fishery Habitat Ecosystem Study, Southeast Australia, 1993-1997"
1996,11,New South Wales,Survey,-36.37416,150.11584,"CSIRO, South East Fishery Habitat Ecosystem Study, Southeast Australia, 1993-1997"
1996,11,New South Wales,Survey,-36.37416,150.11584,"CSIRO, South East Fishery Habitat Ecosystem Study, Southeast Australia, 1993-1997"
1993,7,,,-38.72,148.30084,"CSIRO, South East Fishery Habitat Ecosystem Study, Southeast Australia, 1993-1997"
1996,11,New South Wales,Survey,-36.37416,150.11584,"CSIRO, South East Fishery Habitat Ecosystem Study, Southeast Australia, 1993-1997"
1996,5,New South Wales,Survey,-37.425,150.005,"CSIRO, South East Fishery Habitat Ecosystem Study, Southeast Australia, 1993-1997"
1996,11,New South Wales,Survey,-36.37416,150.11584,"CSIRO, South East Fishery Habitat Ecosystem Study, Southeast Australia, 1993-1997"
1994,8,Victoria,,-37.81333,149.03817,"CSIRO, South East Fishery Habitat Ecosystem Study, Southeast Australia, 1993-1997"
1996,11,New South Wales,Survey,-36.37416,150.11584,"CSIRO, South East Fishery Habitat Ecosystem Study, Southeast Australia, 1993-1997"
1994,9,New South Wales,,-36.36467,150.10392,"CSIRO, South East Fishery Habitat Ecosystem Study, Southeast Australia, 1993-1997"
1996,12,Victoria,Aimed,-37.59999,149.7975,"CSIRO, South East Fishery Habitat Ecosystem Study, Southeast Australia, 1993-1997"
1996,11,New South Wales,Survey,-36.35083,150.15584,"CSIRO, South East Fishery Habitat Ecosystem Study, Southeast Australia, 1993-1997"
1996,11,New South Wales,Survey,-36.37416,150.11584,"CSIRO, South East Fishery Habitat Ecosystem Study, Southeast Australia, 1993-1997"
1996,11,New South Wales,Survey,-36.37416,150.11584,"CSIRO, South East Fishery Habitat Ecosystem Study, Southeast Australia, 1993-1997"
1996,11,New South Wales,Survey,-36.37416,150.11584,"CSIRO, South East Fishery Habitat Ecosystem Study, Southeast Australia, 1993-1997"
1996,11,New South Wales,Survey,-36.37416,150.11584,"CSIRO, South East Fishery Habitat Ecosystem Study, Southeast Australia, 1993-1997"
1993,7,,,-37.92166,148.22917,"CSIRO, South East Fishery Habitat Ecosystem Study, Southeast Australia, 1993-1997"
1996,11,New South Wales,Survey,-36.37416,150.11584,"CSIRO, South East Fishery Habitat Ecosystem Study, Southeast Australia, 1993-1997"
1996,11,New South Wales,Survey,-36.37416,150.11584,"CSIRO, South East Fishery Habitat Ecosystem Study, Southeast Australia, 1993-1997"
1996,12,New South Wales,Survey,-36.92167,149.96333,"CSIRO, South East Fishery Habitat Ecosystem Study, Southeast Australia, 1993-1997"
1994,8,Victoria,,-37.58333,149.865,"CSIRO, South East Fishery Habitat Ecosystem Study, Southeast Australia, 1993-1997"
1993,8,New South Wales,,-37.295,150.02,"CSIRO, South East Fishery Habitat Ecosystem Study, Southeast Australia, 1993-1997"
1993,8,New South Wales,,-36.3825,150.1375,"CSIRO, South East Fishery Habitat Ecosystem Study, Southeast Australia, 1993-1997"
1996,4,,Survey,-38.61666,148.35334,"CSIRO, South East Fishery Habitat Ecosystem Study, Southeast Australia, 1993-1997"
1996,11,New South Wales,Survey,-36.37416,150.11584,"CSIRO, South East Fishery Habitat Ecosystem Study, Southeast Australia, 1993-1997"
1996,5,Victoria,,-37.59917,149.8375,"CSIRO, South East Fishery Habitat Ecosystem Study, Southeast Australia, 1993-1997"
1994,8,,,-37.88166,149.085,"CSIRO, South East Fishery Habitat Ecosystem Study, Southeast Australia, 1993-1997"
1993,7,,,-38.95,148.3275,"CSIRO, South East Fishery Habitat Ecosystem Study, Southeast Australia, 1993-1997"
1993,7,Victoria,,-37.80916,149.0475,"CSIRO, South East Fishery Habitat Ecosystem Study, Southeast Australia, 1993-1997"
1993,7,,,-39.00833,146.58333,"CSIRO, South East Fishery Habitat Ecosystem Study, Southeast Australia, 1993-1997"
1993,8,New South Wales,,-37.39583,149.9825,"CSIRO, South East Fishery Habitat Ecosystem Study, Southeast Australia, 1993-1997"
1993,7,,,-38.95583,148.49333,"CSIRO, South East Fishery Habitat Ecosystem Study, Southeast Australia, 1993-1997"
1996,11,New South Wales,Survey,-36.37416,150.11584,"CSIRO, South East Fishery Habitat Ecosystem Study, Southeast Australia, 1993-1997"
1996,11,New South Wales,Survey,-36.37416,150.11584,"CSIRO, South East Fishery Habitat Ecosystem Study, Southeast Australia, 1993-1997"
1993,8,New South Wales,,-36.3675,150.10958,"CSIRO, South East Fishery Habitat Ecosystem Study, Southeast Australia, 1993-1997"
1996,11,New South Wales,Survey,-36.37416,150.11584,"CSIRO, South East Fishery Habitat Ecosystem Study, Southeast Australia, 1993-1997"
1996,11,New South Wales,Survey,-37.27833,150.03168,"CSIRO, South East Fishery Habitat Ecosystem Study, Southeast Australia, 1993-1997"
1996,11,New South Wales,Survey,-36.37416,150.11584,"CSIRO, South East Fishery Habitat Ecosystem Study, Southeast Australia, 1993-1997"
1996,11,New South Wales,Survey,-36.37416,150.11584,"CSIRO, South East Fishery Habitat Ecosystem Study, Southeast Australia, 1993-1997"
1993,7,,,-38.97408,146.55967,"CSIRO, South East Fishery Habitat Ecosystem Study, Southeast Australia, 1993-1997"
1994,8,Victoria,,-37.8275,149.055,"CSIRO, South East Fishery Habitat Ecosystem Study, Southeast Australia, 1993-1997"
1996,11,New South Wales,Survey,-36.37416,150.11584,"CSIRO, South East Fishery Habitat Ecosystem Study, Southeast Australia, 1993-1997"
1996,11,New South Wales,Survey,-36.37416,150.11584,"CSIRO, South East Fishery Habitat Ecosystem Study, Southeast Australia, 1993-1997"
1996,11,New South Wales,Survey,-36.37416,150.11584,"CSIRO, South East Fishery Habitat Ecosystem Study, Southeast Australia, 1993-1997"
1981,8,,,-32.3,131.41667,"CSIRO, fish surveys by the Soela, 1980s"
1981,8,,,-33.35,130.85,"CSIRO, fish surveys by the Soela, 1980s"
1981,8,,,-32.275,131.425,"CSIRO, fish surveys by the Soela, 1980s"
1981,12,,,-32.23333,131.36667,"CSIRO, fish surveys by the Soela, 1980s"
1980,1,,,-32.75,125.71667,"CSIRO, fish surveys by the Soela, 1980s"
1981,11,,,-33.26666,125.4,"CSIRO, fish surveys by the Soela, 1980s"
1981,8,,,-32.26666,131.45,"CSIRO, fish surveys by the Soela, 1980s"
1981,12,,,-32.48333,131.35,"CSIRO, fish surveys by the Soela, 1980s"
1981,7,,,-33.38333,124.8,"CSIRO, fish surveys by the Soela, 1980s"
1981,8,,,-32.275,131.39167,"CSIRO, fish surveys by the Soela, 1980s"
1981,8,,,-34.40833,134.01667,"CSIRO, fish surveys by the Soela, 1980s"
1981,12,,,-32.5,126.73334,"CSIRO, fish surveys by the Soela, 1980s"
1981,8,,,-32.275,131.39167,"CSIRO, fish surveys by the Soela, 1980s"
1981,11,,,-33.34166,124.75,"CSIRO, fish surveys by the Soela, 1980s"
1981,8,,,-33.33333,130.18334,"CSIRO, fish surveys by the Soela, 1980s"
1981,8,,,-32.3,132.46667,"CSIRO, fish surveys by the Soela, 1980s"
1980,9,,,-33.16667,128.3,"CSIRO, fish surveys by the Soela, 1980s"
1981,8,,,-32.2,129.49167,"CSIRO, fish surveys by the Soela, 1980s"
1980,1,,,-33.24166,125.74167,"CSIRO, fish surveys by the Soela, 1980s"
1981,8,,,-32.28333,131.41667,"CSIRO, fish surveys by the Soela, 1980s"
1980,1,,,-32.75833,125.71667,"CSIRO, fish surveys by the Soela, 1980s"
1981,7,,,-34.34166,123.70834,"CSIRO, fish surveys by the Soela, 1980s"
1981,8,,,-32.275,131.40834,"CSIRO, fish surveys by the Soela, 1980s"
1981,8,,,-32.35,131.46667,"CSIRO, fish surveys by the Soela, 1980s"
1981,8,,,-32.28333,131.41667,"CSIRO, fish surveys by the Soela, 1980s"
1981,8,,,-32.28333,131.41667,"CSIRO, fish surveys by the Soela, 1980s"
1981,8,,,-33.25,127.21667,"CSIRO, fish surveys by the Soela, 1980s"
1981,8,,,-32.73333,133.01667,"CSIRO, fish surveys by the Soela, 1980s"
1981,7,,,-34.55,123.75,"CSIRO, fish surveys by the Soela, 1980s"
1981,8,,,-33.39166,130.89167,"CSIRO, fish surveys by the Soela, 1980s"
1980,5,,,-33.5,131.85833,"CSIRO, fish surveys by the Soela, 1980s"
1981,7,,,-33.91666,124.8,"CSIRO, fish surveys by the Soela, 1980s"
1981,7,,,-33.6,124.8,"CSIRO, fish surveys by the Soela, 1980s"
1981,8,,,-32.23333,131.4,"CSIRO, fish surveys by the Soela, 1980s"
1981,7,,,-33.24166,126.30834,"CSIRO, fish surveys by the Soela, 1980s"
1981,8,,,-32.31666,131.4,"CSIRO, fish surveys by the Soela, 1980s"
1981,12,,,-33.4,127.35,"CSIRO, fish surveys by the Soela, 1980s"
1981,8,,,-33.06667,127.18334,"CSIRO, fish surveys by the Soela, 1980s"
1981,8,,,-32.28333,131.375,"CSIRO, fish surveys by the Soela, 1980s"
1981,12,,,-32.975,128.99167,"CSIRO, fish surveys by the Soela, 1980s"
1981,7,,,-33.23333,125.4,"CSIRO, fish surveys by the Soela, 1980s"
1981,7,,,-33.53333,127.2,"CSIRO, fish surveys by the Soela, 1980s"
1994,2,New South Wales,,-37.316665,150.01417,"CSIRO, Cruise SS199402, Marine Biological Survey, Southeast Australia, 1994"
1994,2,New South Wales,,-37.306665,149.998335,"CSIRO, Cruise SS199402, Marine Biological Survey, Southeast Australia, 1994"
2016,1,Victoria,P.S.Ozone,-38.14,144.71,Reef Life Survey: Global reef fish dataset
2009,10,Victoria,Fishermansrock,-38.23,145.03,Reef Life Survey: Global reef fish dataset
2015,1,New South Wales,Shelly Beach,-33.8,151.3,Reef Life Survey: Global reef fish dataset
2013,2,Tasmania,Milner Head,-43.32,145.99,Reef Life Survey: Global reef fish dataset
2017,2,Victoria,Pillar Pt,-39.04,146.3,Reef Life Survey: Global reef fish dataset
2016,11,Victoria,Portsea Bay Reef,-38.32,144.71,Reef Life Survey: Global reef fish dataset
2013,2,Tasmania,North Whalers Point,-43.3,145.93,Reef Life Survey: Global reef fish dataset
2014,1,South Australia,2nd Valley Boat Shed,-35.51,138.21,Reef Life Survey: Global reef fish dataset
2008,2,South Australia,Lasseters Reef,-35.51,138.22,Reef Life Survey: Global reef fish dataset
2016,2,Victoria,Point Franklin,-38.32,144.72,Reef Life Survey: Global reef fish dataset
2011,3,New South Wales,Inside North Head,-33.82,151.29,Reef Life Survey: Global reef fish dataset
2008,2,South Australia,Lasseters Reef,-35.51,138.22,Reef Life Survey: Global reef fish dataset
2008,2,South Australia,Lasseters Reef,-35.51,138.22,Reef Life Survey: Global reef fish dataset
2017,3,Western Australia,Busselton Jetty,-33.63,115.34,Reef Life Survey: Global reef fish dataset
2017,3,South Australia,Carrickalinga Nth,-35.37,138.38,Reef Life Survey: Global reef fish dataset
2009,3,New South Wales,The Docks Inner Tubes,-35.08,150.79,Reef Life Survey: Global reef fish dataset
2008,4,Western Australia,Ammo Jetty,-32.12,115.76,Reef Life Survey: Global reef fish dataset
2015,3,New South Wales,Barren Bommie,-36.14,150.13,Reef Life Survey: Global reef fish dataset
2013,4,South Australia,Carrickalinga (toilet),-35.42,138.32,Reef Life Survey: Global reef fish dataset
2010,3,Australian Capital Territory,Scottish Rocks,-35.13,150.74,Reef Life Survey: Global reef fish dataset
2015,1,New South Wales,Bare Island,-33.99,151.23,Reef Life Survey: Global reef fish dataset
2009,1,Tasmania,Gardens ramp,-41.16,148.28,Reef Life Survey: Global reef fish dataset
2010,2,Australian Capital Territory,Murrays Reef,-35.13,150.75,Reef Life Survey: Global reef fish dataset
2013,4,South Australia,Carrickalinga (toilet),-35.42,138.32,Reef Life Survey: Global reef fish dataset
2010,8,New South Wales,Blenheim Beach,-35.09,150.69,Reef Life Survey: Global reef fish dataset
2013,3,South Australia,Whalebone Reef,-35.57,138.61,Reef Life Survey: Global reef fish dataset
2009,3,New South Wales,The Docks Inner Tubes,-35.08,150.79,Reef Life Survey: Global reef fish dataset
2010,12,New South Wales,Mullimburra Point,-35.99,150.16,Reef Life Survey: Global reef fish dataset
2017,1,New South Wales,Pipeline,-32.72,152.14,Reef Life Survey: Global reef fish dataset
2014,12,New South Wales,St George's Point,-35.2,150.7,Reef Life Survey: Global reef fish dataset
2012,5,Western Australia,Green Island Reserve 1,-32.02,115.5,Reef Life Survey: Global reef fish dataset
2009,4,,Coral Gardens 2,-33.59,115.23,Reef Life Survey: Global reef fish dataset
2016,3,South Australia,Hallett Cove,-35.07,138.49,Reef Life Survey: Global reef fish dataset
2009,4,,Coral Gardens 2,-33.59,115.23,Reef Life Survey: Global reef fish dataset
2015,4,New South Wales,Bushranger Bay Bass Point,-34.6,150.9,Reef Life Survey: Global reef fish dataset
2010,1,New South Wales,Flat Rock South,-35.69,150.3,Reef Life Survey: Global reef fish dataset
2016,2,South Australia,Carrickalinga (toilet),-35.42,138.32,Reef Life Survey: Global reef fish dataset
2009,10,Victoria,Fishermansrock,-38.23,145.03,Reef Life Survey: Global reef fish dataset
2017,3,South Australia,Carrickalinga (toilet),-35.42,138.32,Reef Life Survey: Global reef fish dataset
2017,1,New South Wales,Pipeline,-32.72,152.14,Reef Life Survey: Global reef fish dataset
2008,2,New South Wales,Groper Coast North,-35.07,150.77,Reef Life Survey: Global reef fish dataset
2009,4,,Coral Gardens 2,-33.59,115.23,Reef Life Survey: Global reef fish dataset
2009,4,Western Australia,Eagle Bay Bommie,-33.56,115.08,Reef Life Survey: Global reef fish dataset
2017,2,Victoria,Blairgowrie Pier,-38.36,144.77,Reef Life Survey: Global reef fish dataset
2009,4,,Coral Gardens 2,-33.59,115.23,Reef Life Survey: Global reef fish dataset
2008,2,South Australia,Lasseters Reef,-35.51,138.22,Reef Life Survey: Global reef fish dataset
2014,11,New South Wales,Aragunnu Southern Bay,-36.58,150.05,Reef Life Survey: Global reef fish dataset
2009,2,,"The Hoof, Phillip Island",-29.12,167.96,Reef Life Survey: Global reef fish dataset
2006,3,Tasmania,"Grants Point West, 10m North East",-41.25027,148.33548,"Condition of rocky reef communities around Tasmania: fish surveys, Australia (1992-1995 and 2006-2007)"
2006,11,Tasmania,"Friendly Point, 10m Bicheno External",-42.05611,148.30429,"Condition of rocky reef communities around Tasmania: fish surveys, Australia (1992-1995 and 2006-2007)"
1994,1,Tasmania,Rockslide Tasman Peninsular,-42.99812,147.95401,"Condition of rocky reef communities around Tasmania: fish surveys, Australia (1992-1995 and 2006-2007)"
2006,4,Tasmania,"Grants Point West, 5m North East",-41.25111,148.33565,"Condition of rocky reef communities around Tasmania: fish surveys, Australia (1992-1995 and 2006-2007)"
1991,3,New South Wales,Jervis Bay,-35.0384,150.786,Jervis Bay Marine Ecological Studies (JBMES) 1988-1991
1990,4,Australian Capital Territory,Jervis Bay,-35.1368,150.746,Jervis Bay Marine Ecological Studies (JBMES) 1988-1991
1991,3,New South Wales,Jervis Bay,-34.9941,150.76,Jervis Bay Marine Ecological Studies (JBMES) 1988-1991
1990,4,Australian Capital Territory,Jervis Bay,-35.138,150.744,Jervis Bay Marine Ecological Studies (JBMES) 1988-1991
1989,1,New South Wales,Jervis Bay,-34.9941,150.76,Jervis Bay Marine Ecological Studies (JBMES) 1988-1991
1990,4,New South Wales,Jervis Bay,-35.0641,150.673,Jervis Bay Marine Ecological Studies (JBMES) 1988-1991
1990,10,New South Wales,Jervis Bay,-35.0338,150.785,Jervis Bay Marine Ecological Studies (JBMES) 1988-1991
1989,10,Australian Capital Territory,Jervis Bay,-35.1368,150.746,Jervis Bay Marine Ecological Studies (JBMES) 1988-1991
1990,1,Australian Capital Territory,Jervis Bay,-35.1376,150.721,Jervis Bay Marine Ecological Studies (JBMES) 1988-1991
1989,10,New South Wales,Jervis Bay,-35.0616,150.674,Jervis Bay Marine Ecological Studies (JBMES) 1988-1991
1988,10,New South Wales,Jervis Bay,-34.9933,150.757,Jervis Bay Marine Ecological Studies (JBMES) 1988-1991
1991,3,New South Wales,Jervis Bay,-35.0665,150.674,Jervis Bay Marine Ecological Studies (JBMES) 1988-1991
1990,1,New South Wales,Jervis Bay,-35.0357,150.786,Jervis Bay Marine Ecological Studies (JBMES) 1988-1991
1990,8,New South Wales,Jervis Bay,-34.9941,150.76,Jervis Bay Marine Ecological Studies (JBMES) 1988-1991
1990,1,New South Wales,Jervis Bay,-34.9941,150.76,Jervis Bay Marine Ecological Studies (JBMES) 1988-1991
1990,1,New South Wales,Jervis Bay,-34.9941,150.76,Jervis Bay Marine Ecological Studies (JBMES) 1988-1991
1989,4,New South Wales,Jervis Bay,-35.0321,150.784,Jervis Bay Marine Ecological Studies (JBMES) 1988-1991
1990,1,New South Wales,Jervis Bay,-35.1214,150.697,Jervis Bay Marine Ecological Studies (JBMES) 1988-1991
1988,10,New South Wales,Jervis Bay,-34.9933,150.757,Jervis Bay Marine Ecological Studies (JBMES) 1988-1991
1988,10,New South Wales,Jervis Bay,-35.0306,150.782,Jervis Bay Marine Ecological Studies (JBMES) 1988-1991
1990,1,New South Wales,Jervis Bay,-35.0292,150.779,Jervis Bay Marine Ecological Studies (JBMES) 1988-1991
1990,8,New South Wales,Jervis Bay,-34.9925,150.753,Jervis Bay Marine Ecological Studies (JBMES) 1988-1991
1989,10,Australian Capital Territory,Jervis Bay,-35.1376,150.721,Jervis Bay Marine Ecological Studies (JBMES) 1988-1991
1989,1,New South Wales,Jervis Bay,-35.0292,150.779,Jervis Bay Marine Ecological Studies (JBMES) 1988-1991
1989,4,New South Wales,Jervis Bay,-35.0338,150.785,Jervis Bay Marine Ecological Studies (JBMES) 1988-1991
1988,10,Australian Capital Territory,Jervis Bay,-35.1376,150.721,Jervis Bay Marine Ecological Studies (JBMES) 1988-1991
1990,11,New South Wales,Jervis Bay,-35.0591,150.674,Jervis Bay Marine Ecological Studies (JBMES) 1988-1991
1990,7,New South Wales,Jervis Bay,-35.0321,150.784,Jervis Bay Marine Ecological Studies (JBMES) 1988-1991
1989,1,New South Wales,Jervis Bay,-35.0165,150.689,Jervis Bay Marine Ecological Studies (JBMES) 1988-1991
1988,10,New South Wales,Jervis Bay,-35.0384,150.786,Jervis Bay Marine Ecological Studies (JBMES) 1988-1991
1989,10,New South Wales,Jervis Bay,-35.1079,150.693,Jervis Bay Marine Ecological Studies (JBMES) 1988-1991
1990,4,Australian Capital Territory,Jervis Bay,-35.1376,150.721,Jervis Bay Marine Ecological Studies (JBMES) 1988-1991
1989,10,New South Wales,Jervis Bay,-35.1184,150.695,Jervis Bay Marine Ecological Studies (JBMES) 1988-1991
1989,7,Australian Capital Territory,Jervis Bay,-35.1299,150.711,Jervis Bay Marine Ecological Studies (JBMES) 1988-1991
1990,10,Australian Capital Territory,Jervis Bay,-35.1299,150.711,Jervis Bay Marine Ecological Studies (JBMES) 1988-1991
1989,4,New South Wales,Jervis Bay,-35.0338,150.785,Jervis Bay Marine Ecological Studies (JBMES) 1988-1991
1989,1,New South Wales,Jervis Bay,-34.995,150.762,Jervis Bay Marine Ecological Studies (JBMES) 1988-1991
1989,1,New South Wales,Jervis Bay,-34.995,150.762,Jervis Bay Marine Ecological Studies (JBMES) 1988-1991
1991,1,New South Wales,Jervis Bay,-34.9933,150.757,Jervis Bay Marine Ecological Studies (JBMES) 1988-1991
1990,1,New South Wales,Jervis Bay,-35.0306,150.782,Jervis Bay Marine Ecological Studies (JBMES) 1988-1991
1990,10,Australian Capital Territory,Jervis Bay,-35.1359,150.717,Jervis Bay Marine Ecological Studies (JBMES) 1988-1991
1988,10,New South Wales,Jervis Bay,-35.0338,150.785,Jervis Bay Marine Ecological Studies (JBMES) 1988-1991
1989,1,New South Wales,Jervis Bay,-35.0616,150.674,Jervis Bay Marine Ecological Studies (JBMES) 1988-1991
1989,7,Australian Capital Territory,Jervis Bay,-35.1376,150.721,Jervis Bay Marine Ecological Studies (JBMES) 1988-1991
1990,10,New South Wales,Jervis Bay,-34.9933,150.757,Jervis Bay Marine Ecological Studies (JBMES) 1988-1991
1988,10,Australian Capital Territory,Jervis Bay,-35.1238,150.699,Jervis Bay Marine Ecological Studies (JBMES) 1988-1991
1990,1,New South Wales,Jervis Bay,-34.995,150.762,Jervis Bay Marine Ecological Studies (JBMES) 1988-1991
1989,1,New South Wales,Jervis Bay,-35.0292,150.779,Jervis Bay Marine Ecological Studies (JBMES) 1988-1991
1989,1,New South Wales,Jervis Bay,-34.9925,150.753,Jervis Bay Marine Ecological Studies (JBMES) 1988-1991
2008,12,Tasmania,North Bruny Island: Apollo Bay,-43.1585,147.294,Tasmanian Marine Molluscs Observational Records (2003-2017)
2007,4,Tasmania,North Bruny Island: Roberts Point,-43.1436,147.287,Tasmanian Marine Molluscs Observational Records (2003-2017)
2011,12,Tasmania,Carlton Beach: Spectacle Island,-42.8674,147.6004,Tasmanian Marine Molluscs Observational Records (2003-2017)
2011,1,Tasmania,North Bruny Island: Dennes Point,-43.0645,147.3511,Tasmanian Marine Molluscs Observational Records (2003-2017)